incident_id,agent,original_decision,human_label,run_1_decision,run_1_match,run_2_decision,run_2_match,run_3_decision,run_3_match,run_4_decision,run_4_match,run_5_decision,run_5_match,run_6_decision,run_6_match,run_7_decision,run_7_match,inter_run_consistent,unique_rerun_decisions,image_count
IN26022018592806222677,cx,Can't Say,Can't Say,Can't Say,True,Can't Say,True,Can't Say,True,Can't Say,True,Can't Say,True,Can't Say,True,Can't Say,True,True,Can't Say,4
IN26022018592806222677,obd,No Issue,No Issue,No Issue,True,No Issue,True,No Issue,True,No Issue,True,No Issue,True,No Issue,True,No Issue,True,True,No Issue,2
IN26022117274308785540,cx,Major Damage,Major Damage,Minor Damage,False,Minor Damage,False,Minor Damage,False,Minor Damage,False,Minor Damage,False,Minor Damage,False,Minor Damage,False,True,Minor Damage,4
IN26022117274308785540,obd,No Issue,No Issue,Can't Say,False,Can't Say,False,Can't Say,False,Can't Say,False,Can't Say,False,Can't Say,False,Can't Say,False,True,Can't Say,2
IN26022121343655406891,cx,Minor Damage,No Issue,Minor Damage,True,Minor Damage,True,Minor Damage,True,Minor Damage,True,Minor Damage,True,Minor Damage,True,Minor Damage,True,True,Minor Damage,4
IN26022121343655406891,obd,Misshipment,Can't Say,Misshipment,True,Misshipment,True,Misshipment,True,Misshipment,True,Misshipment,True,Misshipment,True,Misshipment,True,True,Misshipment,2
IN26022220493088929302,cx,Misshipment,Misshipment,Misshipment,True,Misshipment,True,Misshipment,True,Misshipment,True,Misshipment,True,Misshipment,True,Misshipment,True,True,Misshipment,4
IN26022220493088929302,obd,No Issue,No Issue,No Issue,True,No Issue,True,No Issue,True,No Issue,True,No Issue,True,No Issue,True,No Issue,True,True,No Issue,2
IN26022317023900147949,cx,Misshipment,Misshipment,Misshipment,True,Misshipment,True,Misshipment,True,Misshipment,True,Misshipment,True,Misshipment,True,Misshipment,True,True,Misshipment,4
IN26022317023900147949,obd,Can't Say,Can't Say,No Issue,False,No Issue,False,No Issue,False,No Issue,False,No Issue,False,No Issue,False,No Issue,False,True,No Issue,2
IN26022319520991740079,cx,Misshipment,Misshipment,Misshipment,True,Misshipment,True,Misshipment,True,Misshipment,True,Misshipment,True,Misshipment,True,Misshipment,True,True,Misshipment,3
IN26022319520991740079,obd,Can't Say,Can't Say,Misshipment,False,Misshipment,False,Misshipment,False,Misshipment,False,Misshipment,False,Misshipment,False,Misshipment,False,True,Misshipment,2
IN26022320320446138863,cx,Misshipment,Misshipment,Misshipment,True,Misshipment,True,Misshipment,True,Misshipment,True,Misshipment,True,Misshipment,True,Misshipment,True,True,Misshipment,3
IN26022320320446138863,obd,No Issue,Misshipment,No Issue,True,No Issue,True,No Issue,True,No Issue,True,No Issue,True,No Issue,True,No Issue,True,True,No Issue,2
IN26022411210821512712,cx,Misshipment,No Issue,Misshipment,True,Misshipment,True,Misshipment,True,Misshipment,True,Misshipment,True,Misshipment,True,Misshipment,True,True,Misshipment,4
IN26022411210821512712,obd,Can't Say,Can't Say,Can't Say,True,Can't Say,True,Can't Say,True,Can't Say,True,Can't Say,True,Can't Say,True,Can't Say,True,True,Can't Say,2
IN26022411382264613222,cx,Can't Say,Misshipment,Can't Say,True,Can't Say,True,Can't Say,True,Can't Say,True,Can't Say,True,Can't Say,True,Can't Say,True,True,Can't Say,3
IN26022411382264613222,obd,Misshipment,Misshipment,Misshipment,True,Misshipment,True,Misshipment,True,Misshipment,True,Misshipment,True,Misshipment,True,Misshipment,True,True,Misshipment,2
IN26022411595309033806,cx,Multiple Issue,Multiple Issue,Multiple Issue,True,Multiple Issue,True,Multiple Issue,True,Multiple Issue,True,Multiple Issue,True,Multiple Issue,True,Multiple Issue,True,True,Multiple Issue,4
IN26022411595309033806,obd,No Issue,Misshipment,No Issue,True,No Issue,True,No Issue,True,No Issue,True,No Issue,True,No Issue,True,No Issue,True,True,No Issue,2
IN26022413265701835081,cx,No Issue,No Issue,No Issue,True,No Issue,True,No Issue,True,No Issue,True,No Issue,True,No Issue,True,No Issue,True,True,No Issue,3
IN26022413265701835081,obd,Can't Say,No Issue,Can't Say,True,Can't Say,True,Can't Say,True,Can't Say,True,Can't Say,True,Can't Say,True,Can't Say,True,True,Can't Say,2
IN26022414473490095793,cx,Misshipment,No Issue,Misshipment,True,Misshipment,True,Misshipment,True,Misshipment,True,Misshipment,True,Misshipment,True,Misshipment,True,True,Misshipment,4
IN26022414473490095793,obd,Misshipment,No Issue,Misshipment,True,Misshipment,True,Misshipment,True,Misshipment,True,Misshipment,True,Misshipment,True,Misshipment,True,True,Misshipment,2
IN26022416513845681422,cx,No Issue,No Issue,No Issue,True,No Issue,True,No Issue,True,No Issue,True,No Issue,True,No Issue,True,No Issue,True,True,No Issue,4
IN26022416513845681422,obd,No Issue,No Issue,No Issue,True,No Issue,True,No Issue,True,No Issue,True,No Issue,True,No Issue,True,No Issue,True,True,No Issue,2
IN26022417371514510414,cx,Misshipment,Misshipment,Misshipment,True,Misshipment,True,Misshipment,True,Misshipment,True,Misshipment,True,Misshipment,True,Misshipment,True,True,Misshipment,4
IN26022417371514510414,obd,Can't Say,Can't Say,Can't Say,True,Can't Say,True,Can't Say,True,Can't Say,True,Can't Say,True,Can't Say,True,Can't Say,True,True,Can't Say,2
IN26022419173679668058,cx,Misshipment,Misshipment,Misshipment,True,Misshipment,True,Misshipment,True,Misshipment,True,Misshipment,True,Misshipment,True,Misshipment,True,True,Misshipment,3
IN26022419173679668058,obd,No Issue,No Issue,No Issue,True,No Issue,True,No Issue,True,No Issue,True,No Issue,True,No Issue,True,No Issue,True,True,No Issue,2
IN26022419471994268060,cx,Misshipment,Misshipment,Misshipment,True,Misshipment,True,Misshipment,True,Misshipment,True,Misshipment,True,Misshipment,True,Misshipment,True,True,Misshipment,4
IN26022419471994268060,obd,Can't Say,No Issue,,,No Issue,False,No Issue,False,No Issue,False,No Issue,False,No Issue,False,No Issue,False,True,No Issue,0
IN26022421441453442200,cx,Misshipment,Misshipment,No Issue,False,No Issue,False,No Issue,False,No Issue,False,No Issue,False,No Issue,False,No Issue,False,True,No Issue,3
IN26022421441453442200,obd,Misshipment,Misshipment,Misshipment,True,Misshipment,True,Misshipment,True,Misshipment,True,Misshipment,True,Misshipment,True,Misshipment,True,True,Misshipment,2
IN26022512134420774706,cx,No Issue,No Issue,No Issue,True,No Issue,True,No Issue,True,No Issue,True,No Issue,True,No Issue,True,No Issue,True,True,No Issue,4
IN26022512134420774706,obd,No Issue,No Issue,No Issue,True,No Issue,True,No Issue,True,No Issue,True,No Issue,True,No Issue,True,No Issue,True,True,No Issue,2
IN26022513002839843306,cx,Misshipment,Misshipment,Misshipment,True,Misshipment,True,Misshipment,True,Misshipment,True,Misshipment,True,Misshipment,True,Misshipment,True,True,Misshipment,3
IN26022513002839843306,obd,Can't Say,Can't Say,Can't Say,True,Can't Say,True,Can't Say,True,Can't Say,True,Can't Say,True,Can't Say,True,Can't Say,True,True,Can't Say,2
IN26022513093852814796,cx,No Issue,No Issue,No Issue,True,No Issue,True,No Issue,True,No Issue,True,No Issue,True,No Issue,True,No Issue,True,True,No Issue,4
IN26022513093852814796,obd,Misshipment,No Issue,No Issue,False,No Issue,False,No Issue,False,No Issue,False,No Issue,False,No Issue,False,No Issue,False,True,No Issue,2
IN26022515155277424527,cx,Misshipment,Misshipment,Misshipment,True,Misshipment,True,Misshipment,True,Misshipment,True,Misshipment,True,Misshipment,True,Misshipment,True,True,Misshipment,4
IN26022515155277424527,obd,No Issue,No Issue,No Issue,True,No Issue,True,No Issue,True,No Issue,True,No Issue,True,No Issue,True,No Issue,True,True,No Issue,2
IN26022515403034162934,cx,Minor Missing,No Issue,No Issue,False,No Issue,False,No Issue,False,No Issue,False,No Issue,False,No Issue,False,No Issue,False,True,No Issue,4
IN26022515403034162934,obd,No Issue,No Issue,No Issue,True,No Issue,True,No Issue,True,No Issue,True,No Issue,True,No Issue,True,No Issue,True,True,No Issue,2
IN26022516214749934659,cx,Misshipment,Misshipment,Misshipment,True,Misshipment,True,Misshipment,True,Misshipment,True,Misshipment,True,Misshipment,True,Misshipment,True,True,Misshipment,4
IN26022516214749934659,obd,Misshipment,Misshipment,Misshipment,True,Misshipment,True,Misshipment,True,Misshipment,True,Misshipment,True,Misshipment,True,Misshipment,True,True,Misshipment,2
IN26022517074181508043,cx,Misshipment,Misshipment,Misshipment,True,Misshipment,True,Misshipment,True,Misshipment,True,Misshipment,True,Misshipment,True,Misshipment,True,True,Misshipment,4
IN26022517074181508043,obd,Misshipment,Misshipment,Misshipment,True,Misshipment,True,Misshipment,True,Misshipment,True,Misshipment,True,Misshipment,True,Misshipment,True,True,Misshipment,2
IN26022517190516178708,cx,No Issue,Misshipment,No Issue,True,No Issue,True,No Issue,True,No Issue,True,No Issue,True,No Issue,True,No Issue,True,True,No Issue,4
IN26022517190516178708,obd,No Issue,Misshipment,No Issue,True,No Issue,True,No Issue,True,No Issue,True,No Issue,True,No Issue,True,No Issue,True,True,No Issue,2
IN26022517524938405318,cx,Multiple Issue,Misshipment,Misshipment,False,Misshipment,False,Misshipment,False,Misshipment,False,Misshipment,False,Misshipment,False,Misshipment,False,True,Misshipment,3
IN26022517524938405318,obd,No Issue,No Issue,Multiple Issue,False,Multiple Issue,False,Misshipment,False,Misshipment,False,Multiple Issue,False,Multiple Issue,False,Misshipment,False,False,Misshipment|Multiple Issue,2
IN26022520300444192807,cx,Misshipment,Misshipment,Misshipment,True,Misshipment,True,Misshipment,True,Misshipment,True,Misshipment,True,Misshipment,True,Misshipment,True,True,Misshipment,4
IN26022520300444192807,obd,No Issue,No Issue,No Issue,True,No Issue,True,No Issue,True,No Issue,True,No Issue,True,No Issue,True,No Issue,True,True,No Issue,2
IN26022523202886978054,cx,Misshipment,Misshipment,Misshipment,True,Multiple Issue,False,Multiple Issue,False,Misshipment,True,Multiple Issue,False,Multiple Issue,False,Misshipment,True,False,Misshipment|Multiple Issue,3
IN26022523202886978054,obd,Can't Say,Can't Say,Misshipment,False,Misshipment,False,Misshipment,False,Multiple Issue,False,Multiple Issue,False,Multiple Issue,False,Multiple Issue,False,False,Misshipment|Multiple Issue,2
IN26022608002721913841,cx,Misshipment,Misshipment,Misshipment,True,Misshipment,True,Misshipment,True,Misshipment,True,Misshipment,True,Misshipment,True,Misshipment,True,True,Misshipment,3
IN26022608002721913841,obd,No Issue,Misshipment,No Issue,True,No Issue,True,No Issue,True,No Issue,True,No Issue,True,No Issue,True,No Issue,True,True,No Issue,2
IN26022608282150941272,cx,Misshipment,Misshipment,Misshipment,True,Misshipment,True,Misshipment,True,Misshipment,True,Misshipment,True,Misshipment,True,Misshipment,True,True,Misshipment,4
IN26022608282150941272,obd,Can't Say,Can't Say,Can't Say,True,Can't Say,True,Can't Say,True,Can't Say,True,Can't Say,True,Can't Say,True,Can't Say,True,True,Can't Say,2
IN26022608323972383471,cx,Can't Say,Misshipment,Misshipment,False,Misshipment,False,Misshipment,False,Misshipment,False,Misshipment,False,Misshipment,False,Misshipment,False,True,Misshipment,3
IN26022608323972383471,obd,Can't Say,Misshipment,Can't Say,True,Can't Say,True,Can't Say,True,Can't Say,True,Misshipment,False,Misshipment,False,Can't Say,True,False,Can't Say|Misshipment,2
IN26022612353722239129,cx,No Issue,Minor Damage,No Issue,True,No Issue,True,No Issue,True,No Issue,True,No Issue,True,No Issue,True,No Issue,True,True,No Issue,4
IN26022612353722239129,obd,No Issue,No Issue,No Issue,True,No Issue,True,No Issue,True,No Issue,True,No Issue,True,No Issue,True,No Issue,True,True,No Issue,2
IN26022612450295930912,cx,Misshipment,Misshipment,Misshipment,True,Misshipment,True,Misshipment,True,Misshipment,True,Misshipment,True,Misshipment,True,Misshipment,True,True,Misshipment,3
IN26022612450295930912,obd,Can't Say,Misshipment,Can't Say,True,Can't Say,True,Can't Say,True,Can't Say,True,Can't Say,True,Can't Say,True,Can't Say,True,True,Can't Say,1
IN26022612590750489452,cx,No Issue,Misshipment,Misshipment,False,Misshipment,False,Misshipment,False,Misshipment,False,Misshipment,False,Misshipment,False,Misshipment,False,True,Misshipment,4
IN26022612590750489452,obd,Can't Say,Can't Say,Can't Say,True,Can't Say,True,Can't Say,True,Can't Say,True,Can't Say,True,Can't Say,True,Can't Say,True,True,Can't Say,2
IN26022613024227201897,cx,Misshipment,Misshipment,Misshipment,True,Misshipment,True,Misshipment,True,Misshipment,True,Misshipment,True,Misshipment,True,Misshipment,True,True,Misshipment,4
IN26022613024227201897,obd,Can't Say,No Issue,No Issue,False,No Issue,False,No Issue,False,No Issue,False,No Issue,False,No Issue,False,No Issue,False,True,No Issue,1
IN26022613221679236568,cx,No Issue,No Issue,No Issue,True,No Issue,True,No Issue,True,No Issue,True,No Issue,True,No Issue,True,No Issue,True,True,No Issue,4
IN26022613221679236568,obd,No Issue,No Issue,No Issue,True,No Issue,True,No Issue,True,No Issue,True,No Issue,True,No Issue,True,No Issue,True,True,No Issue,2
IN26022613522501251127,cx,No Issue,No Issue,No Issue,True,No Issue,True,No Issue,True,No Issue,True,No Issue,True,No Issue,True,No Issue,True,True,No Issue,4
IN26022613522501251127,obd,Can't Say,No Issue,No Issue,False,Can't Say,True,No Issue,False,No Issue,False,No Issue,False,No Issue,False,No Issue,False,False,Can't Say|No Issue,1
IN26022614421561713317,cx,No Issue,Misshipment,Multiple Issue,False,Multiple Issue,False,Multiple Issue,False,Multiple Issue,False,Multiple Issue,False,Multiple Issue,False,Multiple Issue,False,True,Multiple Issue,4
IN26022614421561713317,obd,No Issue,Misshipment,Misshipment,False,Misshipment,False,Misshipment,False,Misshipment,False,Misshipment,False,Misshipment,False,Misshipment,False,True,Misshipment,2
IN26022615084023596782,cx,No Issue,Misshipment,Misshipment,False,Misshipment,False,Misshipment,False,Misshipment,False,Misshipment,False,Misshipment,False,Misshipment,False,True,Misshipment,4
IN26022615084023596782,obd,Can't Say,Misshipment,No Issue,False,No Issue,False,No Issue,False,No Issue,False,No Issue,False,No Issue,False,No Issue,False,True,No Issue,1
IN26022615261807067837,cx,No Issue,Misshipment,No Issue,True,No Issue,True,No Issue,True,No Issue,True,No Issue,True,No Issue,True,No Issue,True,True,No Issue,4
IN26022615261807067837,obd,Can't Say,Can't Say,Can't Say,True,Can't Say,True,Can't Say,True,Can't Say,True,Can't Say,True,Can't Say,True,Can't Say,True,True,Can't Say,1
IN26022615433112267029,cx,Misshipment,Misshipment,Misshipment,True,Misshipment,True,Misshipment,True,Misshipment,True,Misshipment,True,Misshipment,True,Misshipment,True,True,Misshipment,4
IN26022615433112267029,obd,Can't Say,No Issue,Can't Say,True,Can't Say,True,Can't Say,True,Can't Say,True,Can't Say,True,Can't Say,True,Can't Say,True,True,Can't Say,2
IN26022616001903091889,cx,No Issue,No Issue,No Issue,True,No Issue,True,No Issue,True,No Issue,True,No Issue,True,No Issue,True,No Issue,True,True,No Issue,4
IN26022616001903091889,obd,Misshipment,Misshipment,Misshipment,True,Misshipment,True,Misshipment,True,Misshipment,True,Misshipment,True,Misshipment,True,Misshipment,True,True,Misshipment,2
IN26022616170737355002,cx,Can't Say,Can't Say,Can't Say,True,Can't Say,True,Can't Say,True,Can't Say,True,Can't Say,True,Can't Say,True,Can't Say,True,True,Can't Say,3
IN26022616170737355002,obd,Can't Say,Misshipment,Can't Say,True,Can't Say,True,Can't Say,True,Can't Say,True,Can't Say,True,Can't Say,True,Can't Say,True,True,Can't Say,1
IN26022616282899565356,cx,Misshipment,Misshipment,Misshipment,True,Misshipment,True,Misshipment,True,Misshipment,True,Misshipment,True,Misshipment,True,Misshipment,True,True,Misshipment,3
IN26022616282899565356,obd,Can't Say,Misshipment,Can't Say,True,No Issue,False,Can't Say,True,Can't Say,True,No Issue,False,Can't Say,True,Can't Say,True,False,Can't Say|No Issue,1
IN26022616525881612256,cx,Misshipment,Misshipment,Misshipment,True,Misshipment,True,Misshipment,True,Misshipment,True,Misshipment,True,Misshipment,True,Misshipment,True,True,Misshipment,4
IN26022616525881612256,obd,Can't Say,No Issue,Can't Say,True,Can't Say,True,Can't Say,True,Can't Say,True,Can't Say,True,Can't Say,True,Can't Say,True,True,Can't Say,2
IN26022617291331169483,cx,No Issue,No Issue,No Issue,True,No Issue,True,No Issue,True,No Issue,True,No Issue,True,No Issue,True,No Issue,True,True,No Issue,3
IN26022617291331169483,obd,Can't Say,No Issue,Can't Say,True,Misshipment,False,Misshipment,False,Misshipment,False,Can't Say,True,Misshipment,False,Can't Say,True,False,Can't Say|Misshipment,2
IN26022618113597101638,cx,Can't Say,Can't Say,Can't Say,True,Can't Say,True,Can't Say,True,Can't Say,True,Can't Say,True,Can't Say,True,Can't Say,True,True,Can't Say,3
IN26022618113597101638,obd,No Issue,Misshipment,Misshipment,False,Misshipment,False,Misshipment,False,Misshipment,False,Misshipment,False,Misshipment,False,Misshipment,False,True,Misshipment,2
IN26022618293420661311,cx,No Issue,No Issue,No Issue,True,No Issue,True,No Issue,True,No Issue,True,No Issue,True,No Issue,True,No Issue,True,True,No Issue,3
IN26022618293420661311,obd,No Issue,No Issue,No Issue,True,No Issue,True,No Issue,True,No Issue,True,No Issue,True,No Issue,True,No Issue,True,True,No Issue,2
IN26022618555594181169,cx,No Issue,No Issue,No Issue,True,No Issue,True,No Issue,True,No Issue,True,No Issue,True,No Issue,True,No Issue,True,True,No Issue,3
IN26022618555594181169,obd,Can't Say,Can't Say,Can't Say,True,Can't Say,True,Can't Say,True,Can't Say,True,Can't Say,True,Can't Say,True,Can't Say,True,True,Can't Say,2
IN26022619471521425547,cx,Misshipment,Misshipment,Misshipment,True,Misshipment,True,Misshipment,True,Misshipment,True,Misshipment,True,Misshipment,True,Misshipment,True,True,Misshipment,4
IN26022619471521425547,obd,Misshipment,No Issue,No Issue,False,No Issue,False,No Issue,False,No Issue,False,No Issue,False,No Issue,False,No Issue,False,True,No Issue,2
IN26022620033291878632,cx,Can't Say,Can't Say,Can't Say,True,Can't Say,True,Can't Say,True,Can't Say,True,Can't Say,True,Can't Say,True,Can't Say,True,True,Can't Say,4
IN26022620033291878632,obd,Can't Say,Can't Say,Can't Say,True,Can't Say,True,Can't Say,True,Can't Say,True,Can't Say,True,Can't Say,True,Can't Say,True,True,Can't Say,2
IN26022620515356825159,cx,Misshipment,Misshipment,Misshipment,True,Misshipment,True,Misshipment,True,Misshipment,True,Misshipment,True,Misshipment,True,Misshipment,True,True,Misshipment,4
IN26022620515356825159,obd,No Issue,Misshipment,No Issue,True,No Issue,True,No Issue,True,No Issue,True,No Issue,True,No Issue,True,No Issue,True,True,No Issue,2
IN26022621145362192763,cx,Can't Say,Can't Say,Can't Say,True,Can't Say,True,Can't Say,True,Can't Say,True,Can't Say,True,Can't Say,True,Can't Say,True,True,Can't Say,4
IN26022621145362192763,obd,Can't Say,No Issue,Minor Missing,False,Multiple Issue,False,Minor Missing,False,Multiple Issue,False,Minor Missing,False,Multiple Issue,False,Multiple Issue,False,False,Minor Missing|Multiple Issue,2
IN26022621540536611173,cx,Misshipment,Misshipment,Misshipment,True,Misshipment,True,Misshipment,True,Misshipment,True,Misshipment,True,Misshipment,True,Misshipment,True,True,Misshipment,3
IN26022621540536611173,obd,Can't Say,No Issue,Can't Say,True,Can't Say,True,Can't Say,True,Can't Say,True,Can't Say,True,Can't Say,True,Can't Say,True,True,Can't Say,2
IN26022622425886852197,cx,Can't Say,Can't Say,Can't Say,True,Can't Say,True,Can't Say,True,Can't Say,True,Can't Say,True,Can't Say,True,Can't Say,True,True,Can't Say,1
IN26022622425886852197,obd,No Issue,No Issue,Misshipment,False,Misshipment,False,No Issue,True,Misshipment,False,No Issue,True,Misshipment,False,Misshipment,False,False,Misshipment|No Issue,2
IN26022700054847177354,cx,No Issue,No Issue,Minor Missing,False,Minor Missing,False,Minor Missing,False,Minor Missing,False,Minor Missing,False,Minor Missing,False,Minor Missing,False,True,Minor Missing,3
IN26022700054847177354,obd,Misshipment,Misshipment,Misshipment,True,Misshipment,True,Misshipment,True,Misshipment,True,Misshipment,True,Misshipment,True,Misshipment,True,True,Misshipment,2
IN26022700430564692551,cx,Misshipment,Misshipment,Misshipment,True,Misshipment,True,Misshipment,True,Misshipment,True,Misshipment,True,Misshipment,True,Misshipment,True,True,Misshipment,3
IN26022700430564692551,obd,Can't Say,Can't Say,Can't Say,True,Can't Say,True,Can't Say,True,Can't Say,True,Can't Say,True,Can't Say,True,Can't Say,True,True,Can't Say,2
IN26022702051893126731,cx,Misshipment,Misshipment,Misshipment,True,Misshipment,True,Misshipment,True,Misshipment,True,Misshipment,True,Misshipment,True,Misshipment,True,True,Misshipment,4
IN26022702051893126731,obd,Misshipment,Misshipment,Misshipment,True,Misshipment,True,Misshipment,True,Misshipment,True,Misshipment,True,Misshipment,True,Misshipment,True,True,Misshipment,2
IN26022704384447001194,cx,Can't Say,Can't Say,Can't Say,True,Can't Say,True,Can't Say,True,Can't Say,True,Can't Say,True,Can't Say,True,Can't Say,True,True,Can't Say,3
IN26022704384447001194,obd,Can't Say,Can't Say,Can't Say,True,Can't Say,True,Can't Say,True,Can't Say,True,Can't Say,True,Can't Say,True,Can't Say,True,True,Can't Say,2
IN26022704492259431243,cx,Multiple Issue,Misshipment,Minor Missing,False,Minor Missing,False,Minor Missing,False,Minor Missing,False,Minor Missing,False,Minor Missing,False,Minor Missing,False,True,Minor Missing,2
IN26022704492259431243,obd,Can't Say,Misshipment,Can't Say,True,Can't Say,True,Can't Say,True,Can't Say,True,Can't Say,True,Can't Say,True,Can't Say,True,True,Can't Say,2
IN26022707283674251131,cx,Can't Say,Can't Say,Can't Say,True,Can't Say,True,Can't Say,True,Can't Say,True,Can't Say,True,Can't Say,True,Can't Say,True,True,Can't Say,3
IN26022707283674251131,obd,Misshipment,No Issue,Misshipment,True,Misshipment,True,Misshipment,True,Misshipment,True,Misshipment,True,Misshipment,True,Misshipment,True,True,Misshipment,2
IN26022707291591364616,cx,Can't Say,No Issue,No Issue,False,No Issue,False,No Issue,False,No Issue,False,No Issue,False,No Issue,False,No Issue,False,True,No Issue,4
IN26022707291591364616,obd,Can't Say,Can't Say,Can't Say,True,Can't Say,True,Can't Say,True,Can't Say,True,Can't Say,True,Can't Say,True,Can't Say,True,True,Can't Say,2
IN26022707342906535629,cx,Misshipment,Misshipment,Misshipment,True,Misshipment,True,Misshipment,True,Misshipment,True,Misshipment,True,Misshipment,True,Misshipment,True,True,Misshipment,3
IN26022707342906535629,obd,Misshipment,Misshipment,Misshipment,True,Misshipment,True,Misshipment,True,Misshipment,True,Misshipment,True,Misshipment,True,Misshipment,True,True,Misshipment,2
IN26022707403746022069,cx,Misshipment,Misshipment,Misshipment,True,Misshipment,True,Misshipment,True,Misshipment,True,Misshipment,True,Misshipment,True,Misshipment,True,True,Misshipment,3
IN26022707403746022069,obd,Misshipment,Misshipment,Misshipment,True,Misshipment,True,Misshipment,True,Misshipment,True,Misshipment,True,Misshipment,True,Misshipment,True,True,Misshipment,2
IN26022708070917238722,cx,Misshipment,Misshipment,Misshipment,True,Misshipment,True,Misshipment,True,Misshipment,True,Misshipment,True,Misshipment,True,Misshipment,True,True,Misshipment,4
IN26022708070917238722,obd,Can't Say,Misshipment,No Issue,False,No Issue,False,No Issue,False,No Issue,False,No Issue,False,No Issue,False,No Issue,False,True,No Issue,1
IN26022708101275865024,cx,Can't Say,Can't Say,Can't Say,True,Can't Say,True,Can't Say,True,Can't Say,True,Can't Say,True,Can't Say,True,Can't Say,True,True,Can't Say,3
IN26022708101275865024,obd,Misshipment,No Issue,Misshipment,True,Misshipment,True,Misshipment,True,Misshipment,True,Misshipment,True,Misshipment,True,Misshipment,True,True,Misshipment,2
IN26022708194034893723,cx,Can't Say,Can't Say,No Issue,False,No Issue,False,No Issue,False,No Issue,False,No Issue,False,No Issue,False,No Issue,False,True,No Issue,1
IN26022708194034893723,obd,Can't Say,Can't Say,No Issue,False,No Issue,False,No Issue,False,No Issue,False,No Issue,False,No Issue,False,No Issue,False,True,No Issue,1
IN26022708261194011356,cx,Misshipment,Misshipment,Misshipment,True,Misshipment,True,Misshipment,True,Misshipment,True,Misshipment,True,Misshipment,True,Misshipment,True,True,Misshipment,3
IN26022708261194011356,obd,No Issue,Misshipment,No Issue,True,No Issue,True,No Issue,True,No Issue,True,No Issue,True,No Issue,True,No Issue,True,True,No Issue,2
IN26022708523865136514,cx,Misshipment,Misshipment,Misshipment,True,Misshipment,True,Misshipment,True,Misshipment,True,Misshipment,True,Misshipment,True,Misshipment,True,True,Misshipment,3
IN26022708523865136514,obd,No Issue,No Issue,No Issue,True,No Issue,True,No Issue,True,No Issue,True,No Issue,True,No Issue,True,No Issue,True,True,No Issue,2
IN26022708570754078951,cx,Misshipment,Misshipment,Misshipment,True,Misshipment,True,Misshipment,True,Misshipment,True,Misshipment,True,Misshipment,True,Misshipment,True,True,Misshipment,4
IN26022708570754078951,obd,Can't Say,No Issue,No Issue,False,No Issue,False,No Issue,False,No Issue,False,No Issue,False,No Issue,False,No Issue,False,True,No Issue,2
IN26022708572102396304,cx,No Issue,No Issue,No Issue,True,No Issue,True,No Issue,True,No Issue,True,No Issue,True,No Issue,True,No Issue,True,True,No Issue,4
IN26022708572102396304,obd,Can't Say,No Issue,Can't Say,True,Can't Say,True,Can't Say,True,Can't Say,True,Can't Say,True,Can't Say,True,Can't Say,True,True,Can't Say,1
IN26022709131305901524,cx,Misshipment,Misshipment,Misshipment,True,Misshipment,True,Misshipment,True,Misshipment,True,Misshipment,True,Misshipment,True,Misshipment,True,True,Misshipment,3
IN26022709131305901524,obd,Can't Say,Misshipment,Can't Say,True,Can't Say,True,Can't Say,True,Can't Say,True,Can't Say,True,Can't Say,True,Can't Say,True,True,Can't Say,1
IN26022709395401635860,cx,Misshipment,No Issue,Misshipment,True,Misshipment,True,Misshipment,True,Misshipment,True,Misshipment,True,Misshipment,True,Misshipment,True,True,Misshipment,3
IN26022709395401635860,obd,Can't Say,No Issue,Can't Say,True,Can't Say,True,No Issue,False,Can't Say,True,Can't Say,True,No Issue,False,No Issue,False,False,Can't Say|No Issue,1
IN26022709420407490309,cx,Can't Say,Can't Say,Can't Say,True,Can't Say,True,Can't Say,True,Can't Say,True,Can't Say,True,Can't Say,True,Can't Say,True,True,Can't Say,3
IN26022709420407490309,obd,No Issue,No Issue,No Issue,True,No Issue,True,No Issue,True,No Issue,True,No Issue,True,No Issue,True,No Issue,True,True,No Issue,2
IN26022709472098910570,cx,No Issue,No Issue,No Issue,True,No Issue,True,No Issue,True,No Issue,True,No Issue,True,No Issue,True,No Issue,True,True,No Issue,3
IN26022709472098910570,obd,Can't Say,No Issue,Can't Say,True,Can't Say,True,Can't Say,True,Can't Say,True,Can't Say,True,Can't Say,True,Can't Say,True,True,Can't Say,1
IN26022710002743739020,cx,Can't Say,Can't Say,Can't Say,True,Can't Say,True,Can't Say,True,Can't Say,True,Can't Say,True,Can't Say,True,Can't Say,True,True,Can't Say,1
IN26022710002743739020,obd,Misshipment,No Issue,Misshipment,True,Misshipment,True,Misshipment,True,Misshipment,True,Misshipment,True,Misshipment,True,Misshipment,True,True,Misshipment,2
IN26022710030485351835,cx,No Issue,Misshipment,No Issue,True,No Issue,True,No Issue,True,No Issue,True,No Issue,True,No Issue,True,No Issue,True,True,No Issue,3
IN26022710030485351835,obd,Can't Say,Misshipment,No Issue,False,No Issue,False,No Issue,False,No Issue,False,No Issue,False,No Issue,False,No Issue,False,True,No Issue,1
IN26022710121389081917,cx,Misshipment,Misshipment,Misshipment,True,Misshipment,True,Misshipment,True,Misshipment,True,Misshipment,True,Misshipment,True,Misshipment,True,True,Misshipment,3
IN26022710121389081917,obd,Can't Say,No Issue,Can't Say,True,Can't Say,True,Can't Say,True,Can't Say,True,Can't Say,True,Can't Say,True,Can't Say,True,True,Can't Say,1
IN26022710223804103815,cx,Misshipment,Misshipment,Misshipment,True,Misshipment,True,Misshipment,True,Misshipment,True,Misshipment,True,Misshipment,True,Misshipment,True,True,Misshipment,3
IN26022710223804103815,obd,Can't Say,Can't Say,Can't Say,True,Can't Say,True,Can't Say,True,Can't Say,True,Can't Say,True,Can't Say,True,Can't Say,True,True,Can't Say,1
IN26022710251733928077,cx,Misshipment,Misshipment,Misshipment,True,Misshipment,True,Misshipment,True,Misshipment,True,Misshipment,True,Misshipment,True,Misshipment,True,True,Misshipment,3
IN26022710251733928077,obd,Can't Say,Misshipment,No Issue,False,No Issue,False,No Issue,False,No Issue,False,No Issue,False,No Issue,False,No Issue,False,True,No Issue,1
IN26022710294345608772,cx,Misshipment,No Issue,Misshipment,True,Misshipment,True,Misshipment,True,Misshipment,True,Misshipment,True,Misshipment,True,Misshipment,True,True,Misshipment,3
IN26022710294345608772,obd,Can't Say,No Issue,No Issue,False,No Issue,False,No Issue,False,No Issue,False,No Issue,False,No Issue,False,No Issue,False,True,No Issue,1
IN26022710294777359536,cx,Misshipment,Misshipment,Misshipment,True,Misshipment,True,Misshipment,True,Misshipment,True,Misshipment,True,Misshipment,True,Misshipment,True,True,Misshipment,4
IN26022710294777359536,obd,Can't Say,No Issue,No Issue,False,No Issue,False,No Issue,False,No Issue,False,No Issue,False,No Issue,False,Can't Say,True,False,Can't Say|No Issue,2
IN26022710330440619098,cx,Misshipment,Misshipment,Misshipment,True,Misshipment,True,Misshipment,True,Misshipment,True,Misshipment,True,Misshipment,True,Misshipment,True,True,Misshipment,4
IN26022710330440619098,obd,Misshipment,No Issue,Misshipment,True,Misshipment,True,Misshipment,True,Misshipment,True,Misshipment,True,Misshipment,True,Misshipment,True,True,Misshipment,2
IN26022710362005150096,cx,Misshipment,Misshipment,Can't Say,False,Can't Say,False,Can't Say,False,Can't Say,False,Can't Say,False,Can't Say,False,Can't Say,False,True,Can't Say,3
IN26022710362005150096,obd,Can't Say,Can't Say,Can't Say,True,Can't Say,True,Can't Say,True,Can't Say,True,Can't Say,True,Can't Say,True,Can't Say,True,True,Can't Say,2
IN26022710402531797950,cx,Can't Say,Can't Say,Misshipment,False,Misshipment,False,Misshipment,False,Misshipment,False,Misshipment,False,Misshipment,False,Misshipment,False,True,Misshipment,3
IN26022710402531797950,obd,Can't Say,Can't Say,Can't Say,True,Can't Say,True,Can't Say,True,Can't Say,True,Can't Say,True,Can't Say,True,Can't Say,True,True,Can't Say,1
IN26022710424671433697,cx,Misshipment,No Issue,Misshipment,True,Misshipment,True,Misshipment,True,Misshipment,True,Misshipment,True,Misshipment,True,Misshipment,True,True,Misshipment,3
IN26022710424671433697,obd,Can't Say,No Issue,No Issue,False,No Issue,False,No Issue,False,No Issue,False,No Issue,False,No Issue,False,No Issue,False,True,No Issue,1
IN26022710463793886214,cx,Misshipment,Misshipment,Misshipment,True,Misshipment,True,Misshipment,True,Misshipment,True,Misshipment,True,Misshipment,True,Misshipment,True,True,Misshipment,3
IN26022710463793886214,obd,No Issue,Misshipment,No Issue,True,No Issue,True,No Issue,True,No Issue,True,No Issue,True,No Issue,True,No Issue,True,True,No Issue,2
IN26022710471806126566,cx,No Issue,No Issue,No Issue,True,No Issue,True,No Issue,True,No Issue,True,No Issue,True,No Issue,True,No Issue,True,True,No Issue,4
IN26022710471806126566,obd,Can't Say,Can't Say,Can't Say,True,Can't Say,True,Can't Say,True,Can't Say,True,Can't Say,True,Can't Say,True,Can't Say,True,True,Can't Say,2
IN26022710474776273793,cx,Misshipment,Misshipment,Misshipment,True,Misshipment,True,Misshipment,True,Misshipment,True,Misshipment,True,Misshipment,True,Misshipment,True,True,Misshipment,4
IN26022710474776273793,obd,Misshipment,Misshipment,Misshipment,True,Misshipment,True,Misshipment,True,Misshipment,True,Misshipment,True,Misshipment,True,Misshipment,True,True,Misshipment,2
IN26022710512184451515,cx,Misshipment,Misshipment,Misshipment,True,Misshipment,True,Misshipment,True,Misshipment,True,Misshipment,True,Misshipment,True,Misshipment,True,True,Misshipment,3
IN26022710512184451515,obd,Can't Say,Can't Say,No Issue,False,No Issue,False,No Issue,False,No Issue,False,No Issue,False,No Issue,False,No Issue,False,True,No Issue,1
IN26022710532103322995,cx,Misshipment,Misshipment,Misshipment,True,Misshipment,True,Misshipment,True,Misshipment,True,Misshipment,True,Misshipment,True,Misshipment,True,True,Misshipment,3
IN26022710532103322995,obd,Can't Say,Misshipment,No Issue,False,No Issue,False,No Issue,False,No Issue,False,No Issue,False,No Issue,False,No Issue,False,True,No Issue,1
IN26022710553640902729,cx,Misshipment,Misshipment,Misshipment,True,Misshipment,True,Misshipment,True,Misshipment,True,Misshipment,True,Misshipment,True,Misshipment,True,True,Misshipment,3
IN26022710553640902729,obd,Misshipment,Misshipment,Misshipment,True,Misshipment,True,Misshipment,True,Misshipment,True,Misshipment,True,Misshipment,True,Misshipment,True,True,Misshipment,2
IN26022711071220784996,cx,Misshipment,Misshipment,Misshipment,True,Misshipment,True,Misshipment,True,Misshipment,True,Misshipment,True,Misshipment,True,Misshipment,True,True,Misshipment,3
IN26022711071220784996,obd,Can't Say,Can't Say,No Issue,False,No Issue,False,No Issue,False,No Issue,False,No Issue,False,No Issue,False,No Issue,False,True,No Issue,1
IN26022711155713771022,cx,Misshipment,Major Damage,Misshipment,True,Misshipment,True,Misshipment,True,Misshipment,True,Misshipment,True,Misshipment,True,Misshipment,True,True,Misshipment,3
IN26022711155713771022,obd,No Issue,No Issue,No Issue,True,No Issue,True,No Issue,True,No Issue,True,No Issue,True,No Issue,True,No Issue,True,True,No Issue,2
IN26022711170990247895,cx,Can't Say,Can't Say,Can't Say,True,Can't Say,True,Can't Say,True,Can't Say,True,Can't Say,True,Can't Say,True,Can't Say,True,True,Can't Say,3
IN26022711170990247895,obd,Can't Say,No Issue,Can't Say,True,Can't Say,True,Can't Say,True,Can't Say,True,Can't Say,True,Can't Say,True,Can't Say,True,True,Can't Say,1
IN26022711200550094391,cx,Misshipment,Misshipment,Misshipment,True,Misshipment,True,Misshipment,True,Misshipment,True,Misshipment,True,Misshipment,True,Misshipment,True,True,Misshipment,3
IN26022711200550094391,obd,Can't Say,Misshipment,Can't Say,True,Can't Say,True,Can't Say,True,Can't Say,True,Can't Say,True,Can't Say,True,Can't Say,True,True,Can't Say,1
IN26022711225497663781,cx,Misshipment,Misshipment,No Issue,False,Misshipment,True,No Issue,False,Misshipment,True,No Issue,False,No Issue,False,Misshipment,True,False,Misshipment|No Issue,3
IN26022711225497663781,obd,Can't Say,Misshipment,No Issue,False,No Issue,False,No Issue,False,No Issue,False,No Issue,False,No Issue,False,No Issue,False,True,No Issue,1
IN26022711235631098165,cx,Can't Say,Misshipment,Can't Say,True,Can't Say,True,Can't Say,True,Can't Say,True,Can't Say,True,Can't Say,True,Can't Say,True,True,Can't Say,4
IN26022711235631098165,obd,Can't Say,Misshipment,Can't Say,True,Can't Say,True,Can't Say,True,Can't Say,True,Can't Say,True,Can't Say,True,Can't Say,True,True,Can't Say,1
IN26022711251267365890,cx,No Issue,No Issue,No Issue,True,No Issue,True,No Issue,True,No Issue,True,No Issue,True,No Issue,True,No Issue,True,True,No Issue,3
IN26022711251267365890,obd,Can't Say,Misshipment,Can't Say,True,Can't Say,True,Can't Say,True,Can't Say,True,Can't Say,True,Can't Say,True,Can't Say,True,True,Can't Say,1
IN26022711265553453381,cx,Misshipment,Misshipment,Misshipment,True,Misshipment,True,Misshipment,True,Misshipment,True,Misshipment,True,Misshipment,True,Misshipment,True,True,Misshipment,4
IN26022711265553453381,obd,Can't Say,Can't Say,No Issue,False,No Issue,False,No Issue,False,No Issue,False,No Issue,False,No Issue,False,No Issue,False,True,No Issue,1
IN26022711380412925722,cx,Misshipment,Misshipment,Misshipment,True,Misshipment,True,Misshipment,True,Misshipment,True,Misshipment,True,Misshipment,True,Misshipment,True,True,Misshipment,3
IN26022711380412925722,obd,Can't Say,Can't Say,No Issue,False,No Issue,False,No Issue,False,No Issue,False,No Issue,False,No Issue,False,No Issue,False,True,No Issue,1
IN26022711383737456331,cx,No Issue,No Issue,No Issue,True,No Issue,True,No Issue,True,No Issue,True,No Issue,True,No Issue,True,No Issue,True,True,No Issue,3
IN26022711383737456331,obd,Can't Say,No Issue,Can't Say,True,Can't Say,True,Can't Say,True,Can't Say,True,Can't Say,True,Can't Say,True,Can't Say,True,True,Can't Say,2
IN26022711445167477357,cx,No Issue,Misshipment,No Issue,True,No Issue,True,No Issue,True,No Issue,True,No Issue,True,No Issue,True,No Issue,True,True,No Issue,3
IN26022711445167477357,obd,Can't Say,Misshipment,Can't Say,True,Can't Say,True,Can't Say,True,Can't Say,True,Can't Say,True,Can't Say,True,Can't Say,True,True,Can't Say,1
IN26022711472200046566,cx,Misshipment,Misshipment,Misshipment,True,Misshipment,True,Misshipment,True,Misshipment,True,Misshipment,True,Misshipment,True,Misshipment,True,True,Misshipment,3
IN26022711472200046566,obd,Misshipment,Misshipment,Misshipment,True,Misshipment,True,Misshipment,True,Misshipment,True,Misshipment,True,Misshipment,True,Misshipment,True,True,Misshipment,2
IN26022711493345090505,cx,No Issue,Misshipment,No Issue,True,No Issue,True,No Issue,True,No Issue,True,No Issue,True,No Issue,True,No Issue,True,True,No Issue,3
IN26022711493345090505,obd,Can't Say,Misshipment,Can't Say,True,Can't Say,True,Can't Say,True,Can't Say,True,Can't Say,True,Can't Say,True,Can't Say,True,True,Can't Say,1
IN26022711502563991423,cx,Can't Say,Can't Say,No Issue,False,No Issue,False,No Issue,False,No Issue,False,No Issue,False,No Issue,False,No Issue,False,True,No Issue,4
IN26022711502563991423,obd,Can't Say,No Issue,No Issue,False,No Issue,False,No Issue,False,No Issue,False,No Issue,False,No Issue,False,No Issue,False,True,No Issue,1
IN26022711510833026079,cx,Misshipment,Misshipment,Misshipment,True,Misshipment,True,Misshipment,True,Misshipment,True,Misshipment,True,Misshipment,True,Misshipment,True,True,Misshipment,3
IN26022711510833026079,obd,Can't Say,No Issue,Can't Say,True,Can't Say,True,Can't Say,True,Can't Say,True,Can't Say,True,Can't Say,True,Can't Say,True,True,Can't Say,1
IN26022711554968327986,cx,No Issue,No Issue,No Issue,True,No Issue,True,No Issue,True,No Issue,True,No Issue,True,No Issue,True,No Issue,True,True,No Issue,4
IN26022711554968327986,obd,Can't Say,No Issue,Can't Say,True,Can't Say,True,Can't Say,True,Can't Say,True,Can't Say,True,Can't Say,True,Can't Say,True,True,Can't Say,1
IN26022711590507422255,cx,No Issue,No Issue,No Issue,True,No Issue,True,No Issue,True,No Issue,True,No Issue,True,No Issue,True,No Issue,True,True,No Issue,3
IN26022711590507422255,obd,Can't Say,No Issue,,,No Issue,False,No Issue,False,No Issue,False,No Issue,False,No Issue,False,No Issue,False,True,No Issue,0
IN26022711592333042804,cx,Minor Missing,No Issue,,,No Issue,False,No Issue,False,No Issue,False,No Issue,False,No Issue,False,No Issue,False,True,No Issue,0
IN26022711592333042804,obd,No Issue,No Issue,Misshipment,False,Misshipment,False,Misshipment,False,Misshipment,False,Misshipment,False,Misshipment,False,Misshipment,False,True,Misshipment,2
IN26022712005684113638,cx,Misshipment,Misshipment,Misshipment,True,Misshipment,True,Misshipment,True,Misshipment,True,Misshipment,True,Misshipment,True,Misshipment,True,True,Misshipment,3
IN26022712005684113638,obd,Can't Say,Misshipment,Can't Say,True,Can't Say,True,Can't Say,True,Can't Say,True,Can't Say,True,Can't Say,True,Can't Say,True,True,Can't Say,1
IN26022712032207092683,cx,Misshipment,Misshipment,Misshipment,True,Misshipment,True,Misshipment,True,Misshipment,True,Misshipment,True,Misshipment,True,Misshipment,True,True,Misshipment,3
IN26022712032207092683,obd,Can't Say,No Issue,Can't Say,True,Can't Say,True,Can't Say,True,Can't Say,True,Can't Say,True,Can't Say,True,Can't Say,True,True,Can't Say,1
IN26022712061146210008,cx,Misshipment,Misshipment,Misshipment,True,Misshipment,True,Misshipment,True,Misshipment,True,Misshipment,True,Misshipment,True,Misshipment,True,True,Misshipment,3
IN26022712061146210008,obd,Can't Say,No Issue,No Issue,False,No Issue,False,No Issue,False,No Issue,False,No Issue,False,No Issue,False,No Issue,False,True,No Issue,1
IN26022712090495200222,cx,No Issue,No Issue,Misshipment,False,Misshipment,False,Misshipment,False,Misshipment,False,Misshipment,False,Misshipment,False,Misshipment,False,True,Misshipment,3
IN26022712090495200222,obd,Can't Say,Can't Say,No Issue,False,Can't Say,True,Can't Say,True,Can't Say,True,No Issue,False,Can't Say,True,Can't Say,True,False,Can't Say|No Issue,2
IN26022712113687793178,cx,Can't Say,Can't Say,Misshipment,False,Misshipment,False,Misshipment,False,Misshipment,False,Misshipment,False,Misshipment,False,Misshipment,False,True,Misshipment,4
IN26022712113687793178,obd,Can't Say,Misshipment,Can't Say,True,Can't Say,True,Can't Say,True,No Issue,False,Can't Say,True,Can't Say,True,Can't Say,True,False,Can't Say|No Issue,1
IN26022712144101030373,cx,Misshipment,Misshipment,Misshipment,True,Misshipment,True,Misshipment,True,Misshipment,True,Misshipment,True,Misshipment,True,Misshipment,True,True,Misshipment,3
IN26022712144101030373,obd,Can't Say,Can't Say,No Issue,False,No Issue,False,No Issue,False,No Issue,False,No Issue,False,No Issue,False,No Issue,False,True,No Issue,1
IN26022712212512752538,cx,Misshipment,Misshipment,Misshipment,True,Misshipment,True,Misshipment,True,Misshipment,True,Misshipment,True,Misshipment,True,Misshipment,True,True,Misshipment,3
IN26022712212512752538,obd,No Issue,No Issue,No Issue,True,No Issue,True,No Issue,True,No Issue,True,No Issue,True,No Issue,True,No Issue,True,True,No Issue,2
IN26022712213021895046,cx,Minor Missing,Minor Missing,Minor Missing,True,No Issue,False,No Issue,False,Minor Missing,True,Minor Missing,True,No Issue,False,No Issue,False,False,Minor Missing|No Issue,3
IN26022712213021895046,obd,Can't Say,No Issue,Can't Say,True,Can't Say,True,Can't Say,True,Can't Say,True,Can't Say,True,Can't Say,True,Can't Say,True,True,Can't Say,1
IN26022712225037591866,cx,Misshipment,Misshipment,Misshipment,True,Misshipment,True,Misshipment,True,Misshipment,True,Misshipment,True,Misshipment,True,Misshipment,True,True,Misshipment,3
IN26022712225037591866,obd,Can't Say,Misshipment,Can't Say,True,Can't Say,True,Can't Say,True,Can't Say,True,Can't Say,True,Can't Say,True,Can't Say,True,True,Can't Say,1
IN26022712252771571431,cx,No Issue,No Issue,No Issue,True,No Issue,True,No Issue,True,No Issue,True,No Issue,True,No Issue,True,No Issue,True,True,No Issue,3
IN26022712252771571431,obd,Misshipment,No Issue,Can't Say,False,Can't Say,False,Can't Say,False,Can't Say,False,Can't Say,False,Can't Say,False,Can't Say,False,True,Can't Say,2
IN26022712265829991185,cx,No Issue,No Issue,No Issue,True,No Issue,True,No Issue,True,No Issue,True,No Issue,True,No Issue,True,No Issue,True,True,No Issue,3
IN26022712265829991185,obd,No Issue,No Issue,No Issue,True,No Issue,True,No Issue,True,No Issue,True,No Issue,True,No Issue,True,No Issue,True,True,No Issue,2
IN26022712282061406839,cx,Misshipment,Misshipment,Misshipment,True,Misshipment,True,Misshipment,True,Misshipment,True,Misshipment,True,Misshipment,True,Misshipment,True,True,Misshipment,3
IN26022712282061406839,obd,Can't Say,Can't Say,Can't Say,True,Can't Say,True,Can't Say,True,Can't Say,True,Can't Say,True,Can't Say,True,Can't Say,True,True,Can't Say,1
IN26022712364325874414,cx,Misshipment,Misshipment,Misshipment,True,Misshipment,True,Misshipment,True,Misshipment,True,Misshipment,True,,,Misshipment,True,True,Misshipment,3
IN26022712364325874414,obd,Misshipment,Misshipment,Misshipment,True,Multiple Issue,False,Misshipment,True,Misshipment,True,Multiple Issue,False,Misshipment,True,Misshipment,True,False,Misshipment|Multiple Issue,2
IN26022712381638448253,cx,No Issue,No Issue,No Issue,True,No Issue,True,No Issue,True,No Issue,True,No Issue,True,No Issue,True,No Issue,True,True,No Issue,4
IN26022712381638448253,obd,Can't Say,No Issue,No Issue,False,No Issue,False,No Issue,False,No Issue,False,No Issue,False,No Issue,False,No Issue,False,True,No Issue,1
IN26022712425680717984,cx,Misshipment,No Issue,Misshipment,True,Misshipment,True,Misshipment,True,Misshipment,True,Misshipment,True,Misshipment,True,Misshipment,True,True,Misshipment,4
IN26022712425680717984,obd,Can't Say,No Issue,No Issue,False,No Issue,False,No Issue,False,No Issue,False,No Issue,False,No Issue,False,No Issue,False,True,No Issue,1
IN26022712451549314627,cx,Misshipment,Misshipment,Misshipment,True,Misshipment,True,Misshipment,True,Misshipment,True,Misshipment,True,Misshipment,True,Misshipment,True,True,Misshipment,3
IN26022712451549314627,obd,Can't Say,Misshipment,Can't Say,True,Can't Say,True,No Issue,False,Can't Say,True,Can't Say,True,No Issue,False,Can't Say,True,False,Can't Say|No Issue,1
IN26022712462870195036,cx,Misshipment,No Issue,Misshipment,True,Misshipment,True,Misshipment,True,Misshipment,True,Misshipment,True,Misshipment,True,Misshipment,True,True,Misshipment,4
IN26022712462870195036,obd,Can't Say,No Issue,Can't Say,True,Can't Say,True,Can't Say,True,Can't Say,True,Can't Say,True,Can't Say,True,Can't Say,True,True,Can't Say,1
IN26022712475628033578,cx,Misshipment,Misshipment,Misshipment,True,Misshipment,True,Misshipment,True,Misshipment,True,Misshipment,True,Misshipment,True,Misshipment,True,True,Misshipment,4
IN26022712475628033578,obd,Can't Say,No Issue,Can't Say,True,Can't Say,True,Can't Say,True,Can't Say,True,Can't Say,True,Can't Say,True,Can't Say,True,True,Can't Say,1
IN26022712480244456373,cx,Can't Say,No Issue,Can't Say,True,Can't Say,True,Can't Say,True,Can't Say,True,Can't Say,True,Can't Say,True,Can't Say,True,True,Can't Say,4
IN26022712480244456373,obd,Can't Say,No Issue,Can't Say,True,Can't Say,True,Can't Say,True,Can't Say,True,Can't Say,True,Can't Say,True,Can't Say,True,True,Can't Say,2
IN26022712525706546068,cx,Misshipment,Can't Say,Can't Say,False,Can't Say,False,Misshipment,True,Misshipment,True,Misshipment,True,Can't Say,False,Misshipment,True,False,Can't Say|Misshipment,3
IN26022712525706546068,obd,Can't Say,Can't Say,No Issue,False,Can't Say,True,Can't Say,True,No Issue,False,No Issue,False,No Issue,False,Can't Say,True,False,Can't Say|No Issue,1
IN26022712530583358065,cx,Misshipment,Misshipment,Misshipment,True,Misshipment,True,Misshipment,True,Misshipment,True,Misshipment,True,Misshipment,True,Misshipment,True,True,Misshipment,3
IN26022712530583358065,obd,Can't Say,Can't Say,Can't Say,True,Can't Say,True,Can't Say,True,Can't Say,True,Can't Say,True,Can't Say,True,Can't Say,True,True,Can't Say,1
IN26022712542811382556,cx,Misshipment,Misshipment,Misshipment,True,Misshipment,True,Misshipment,True,Misshipment,True,,,Misshipment,True,Misshipment,True,True,Misshipment,3
IN26022712542811382556,obd,Can't Say,Can't Say,Can't Say,True,Can't Say,True,Can't Say,True,Can't Say,True,Can't Say,True,Can't Say,True,Can't Say,True,True,Can't Say,1
IN26022712550072112668,cx,Misshipment,Misshipment,Misshipment,True,Misshipment,True,Misshipment,True,Misshipment,True,Misshipment,True,Misshipment,True,Misshipment,True,True,Misshipment,4
IN26022712550072112668,obd,Can't Say,Misshipment,Can't Say,True,Can't Say,True,Can't Say,True,Can't Say,True,Can't Say,True,Can't Say,True,Can't Say,True,True,Can't Say,1
IN26022712592841155215,cx,Misshipment,Misshipment,Misshipment,True,Misshipment,True,Misshipment,True,Misshipment,True,Misshipment,True,Misshipment,True,Misshipment,True,True,Misshipment,3
IN26022712592841155215,obd,Can't Say,Misshipment,No Issue,False,No Issue,False,No Issue,False,No Issue,False,No Issue,False,No Issue,False,No Issue,False,True,No Issue,1
IN26022713003767268457,cx,Misshipment,Misshipment,Misshipment,True,Misshipment,True,Misshipment,True,Misshipment,True,,,Misshipment,True,Misshipment,True,True,Misshipment,4
IN26022713003767268457,obd,Misshipment,Misshipment,Misshipment,True,Misshipment,True,Misshipment,True,Misshipment,True,Misshipment,True,Misshipment,True,Misshipment,True,True,Misshipment,2
IN26022713054242143436,cx,Misshipment,No Issue,Misshipment,True,Misshipment,True,Misshipment,True,Misshipment,True,Misshipment,True,Misshipment,True,Misshipment,True,True,Misshipment,4
IN26022713054242143436,obd,Can't Say,No Issue,Can't Say,True,Can't Say,True,Can't Say,True,Can't Say,True,Can't Say,True,Can't Say,True,Can't Say,True,True,Can't Say,1
IN26022713065150752979,cx,Misshipment,Misshipment,Misshipment,True,Misshipment,True,Misshipment,True,Misshipment,True,Misshipment,True,Misshipment,True,Misshipment,True,True,Misshipment,3
IN26022713065150752979,obd,Can't Say,No Issue,Can't Say,True,Can't Say,True,Can't Say,True,Can't Say,True,Can't Say,True,Can't Say,True,Can't Say,True,True,Can't Say,1
IN26022713095277364941,cx,No Issue,Major Damage,No Issue,True,No Issue,True,No Issue,True,No Issue,True,No Issue,True,No Issue,True,No Issue,True,True,No Issue,3
IN26022713095277364941,obd,Can't Say,No Issue,Can't Say,True,Can't Say,True,Can't Say,True,Can't Say,True,Can't Say,True,Can't Say,True,Can't Say,True,True,Can't Say,1
IN26022713101819498825,cx,No Issue,Major Damage,No Issue,True,No Issue,True,No Issue,True,No Issue,True,No Issue,True,No Issue,True,No Issue,True,True,No Issue,4
IN26022713101819498825,obd,Can't Say,No Issue,Can't Say,True,Can't Say,True,Can't Say,True,Can't Say,True,Can't Say,True,Can't Say,True,Can't Say,True,True,Can't Say,1
IN26022713135417267268,cx,Can't Say,No Issue,Misshipment,False,Misshipment,False,Misshipment,False,Misshipment,False,Misshipment,False,Misshipment,False,Misshipment,False,True,Misshipment,3
IN26022713135417267268,obd,Can't Say,No Issue,No Issue,False,No Issue,False,No Issue,False,No Issue,False,No Issue,False,No Issue,False,No Issue,False,True,No Issue,1
IN26022713144517142034,cx,No Issue,No Issue,No Issue,True,Misshipment,False,Misshipment,False,Misshipment,False,Misshipment,False,No Issue,True,Misshipment,False,False,Misshipment|No Issue,3
IN26022713144517142034,obd,Can't Say,No Issue,No Issue,False,No Issue,False,No Issue,False,No Issue,False,No Issue,False,No Issue,False,No Issue,False,True,No Issue,1
IN26022713144856812318,cx,No Issue,No Issue,No Issue,True,No Issue,True,No Issue,True,No Issue,True,No Issue,True,No Issue,True,No Issue,True,True,No Issue,4
IN26022713144856812318,obd,Can't Say,Misshipment,Can't Say,True,Can't Say,True,Can't Say,True,Can't Say,True,Can't Say,True,Can't Say,True,Can't Say,True,True,Can't Say,1
IN26022713165232940824,cx,Can't Say,Can't Say,Misshipment,False,Misshipment,False,Misshipment,False,Misshipment,False,Misshipment,False,Misshipment,False,Misshipment,False,True,Misshipment,3
IN26022713165232940824,obd,Can't Say,Misshipment,Can't Say,True,Can't Say,True,Can't Say,True,Can't Say,True,Can't Say,True,Can't Say,True,Can't Say,True,True,Can't Say,1
IN26022713244493847949,cx,No Issue,No Issue,No Issue,True,No Issue,True,No Issue,True,No Issue,True,No Issue,True,No Issue,True,No Issue,True,True,No Issue,3
IN26022713244493847949,obd,Can't Say,No Issue,Can't Say,True,Can't Say,True,Can't Say,True,Can't Say,True,Can't Say,True,Can't Say,True,Can't Say,True,True,Can't Say,1
IN26022713261518615085,cx,No Issue,No Issue,No Issue,True,No Issue,True,No Issue,True,No Issue,True,No Issue,True,No Issue,True,No Issue,True,True,No Issue,3
IN26022713261518615085,obd,Can't Say,No Issue,Can't Say,True,Can't Say,True,Can't Say,True,Can't Say,True,Can't Say,True,Can't Say,True,Can't Say,True,True,Can't Say,1
IN26022713263693770242,cx,Misshipment,No Issue,Misshipment,True,Misshipment,True,Misshipment,True,Misshipment,True,Misshipment,True,Misshipment,True,Misshipment,True,True,Misshipment,4
IN26022713263693770242,obd,Can't Say,No Issue,Can't Say,True,Can't Say,True,Can't Say,True,Can't Say,True,Can't Say,True,Can't Say,True,Can't Say,True,True,Can't Say,1
IN26022713270295059555,cx,Misshipment,Misshipment,Misshipment,True,Misshipment,True,Misshipment,True,Misshipment,True,Misshipment,True,Misshipment,True,Misshipment,True,True,Misshipment,3
IN26022713270295059555,obd,Can't Say,Misshipment,No Issue,False,No Issue,False,No Issue,False,No Issue,False,No Issue,False,No Issue,False,No Issue,False,True,No Issue,1
IN26022713320712284635,cx,No Issue,No Issue,Misshipment,False,Misshipment,False,Misshipment,False,Misshipment,False,Misshipment,False,Misshipment,False,Misshipment,False,True,Misshipment,3
IN26022713320712284635,obd,Can't Say,Can't Say,Can't Say,True,Can't Say,True,Can't Say,True,Can't Say,True,Can't Say,True,Can't Say,True,Can't Say,True,True,Can't Say,1
IN26022713321483336974,cx,Misshipment,Misshipment,Misshipment,True,Misshipment,True,Misshipment,True,Misshipment,True,Misshipment,True,Misshipment,True,Misshipment,True,True,Misshipment,4
IN26022713321483336974,obd,Can't Say,No Issue,Can't Say,True,Can't Say,True,Can't Say,True,Can't Say,True,Can't Say,True,Can't Say,True,Can't Say,True,True,Can't Say,1
IN26022713330862569590,cx,Can't Say,Can't Say,Can't Say,True,Can't Say,True,Can't Say,True,Can't Say,True,Can't Say,True,Can't Say,True,Can't Say,True,True,Can't Say,4
IN26022713330862569590,obd,Can't Say,Can't Say,Can't Say,True,Can't Say,True,Can't Say,True,Can't Say,True,Can't Say,True,Can't Say,True,Can't Say,True,True,Can't Say,2
IN26022713335939506473,cx,Misshipment,Misshipment,Misshipment,True,Misshipment,True,Misshipment,True,Misshipment,True,Misshipment,True,Misshipment,True,Misshipment,True,True,Misshipment,4
IN26022713335939506473,obd,Can't Say,Misshipment,Can't Say,True,Can't Say,True,Can't Say,True,Can't Say,True,Can't Say,True,Can't Say,True,Can't Say,True,True,Can't Say,1
IN26022713345209614424,cx,Misshipment,Misshipment,Misshipment,True,Misshipment,True,Misshipment,True,Misshipment,True,Misshipment,True,Misshipment,True,Misshipment,True,True,Misshipment,4
IN26022713345209614424,obd,Can't Say,Misshipment,No Issue,False,No Issue,False,No Issue,False,No Issue,False,No Issue,False,No Issue,False,No Issue,False,True,No Issue,1
IN26022713380007822713,cx,Can't Say,Can't Say,No Issue,False,No Issue,False,No Issue,False,No Issue,False,No Issue,False,No Issue,False,No Issue,False,True,No Issue,1
IN26022713380007822713,obd,Can't Say,Misshipment,Can't Say,True,Can't Say,True,Can't Say,True,Can't Say,True,Can't Say,True,Can't Say,True,Can't Say,True,True,Can't Say,2
IN26022713382876428735,cx,Misshipment,Misshipment,Misshipment,True,Misshipment,True,Misshipment,True,Misshipment,True,Misshipment,True,Misshipment,True,Misshipment,True,True,Misshipment,3
IN26022713382876428735,obd,Can't Say,Misshipment,Can't Say,True,Can't Say,True,Can't Say,True,Can't Say,True,Can't Say,True,Can't Say,True,Can't Say,True,True,Can't Say,1
IN26022713401954788438,cx,Minor Missing,Misshipment,Minor Missing,True,Minor Missing,True,Minor Missing,True,Minor Missing,True,Minor Missing,True,Minor Missing,True,Minor Missing,True,True,Minor Missing,3
IN26022713401954788438,obd,Can't Say,No Issue,No Issue,False,No Issue,False,No Issue,False,Can't Say,True,No Issue,False,No Issue,False,Can't Say,True,False,Can't Say|No Issue,1
IN26022713415967919476,cx,Misshipment,Misshipment,Misshipment,True,Misshipment,True,Misshipment,True,Misshipment,True,Misshipment,True,Misshipment,True,Misshipment,True,True,Misshipment,4
IN26022713415967919476,obd,Can't Say,Can't Say,No Issue,False,No Issue,False,No Issue,False,No Issue,False,No Issue,False,No Issue,False,No Issue,False,True,No Issue,1
IN26022713422819983004,cx,Misshipment,Misshipment,Misshipment,True,Misshipment,True,Misshipment,True,Misshipment,True,Misshipment,True,Misshipment,True,Misshipment,True,True,Misshipment,4
IN26022713422819983004,obd,Misshipment,Misshipment,No Issue,False,No Issue,False,No Issue,False,No Issue,False,No Issue,False,No Issue,False,No Issue,False,True,No Issue,2
IN26022713432958391088,cx,Misshipment,Misshipment,Misshipment,True,Misshipment,True,Misshipment,True,Misshipment,True,Misshipment,True,Misshipment,True,Misshipment,True,True,Misshipment,4
IN26022713432958391088,obd,Misshipment,No Issue,Misshipment,True,Misshipment,True,Misshipment,True,Misshipment,True,Misshipment,True,Misshipment,True,Misshipment,True,True,Misshipment,2
IN26022713434042693384,cx,Can't Say,Can't Say,Misshipment,False,Misshipment,False,Misshipment,False,Misshipment,False,Misshipment,False,Misshipment,False,Misshipment,False,True,Misshipment,3
IN26022713434042693384,obd,Can't Say,Can't Say,No Issue,False,No Issue,False,No Issue,False,No Issue,False,No Issue,False,No Issue,False,No Issue,False,True,No Issue,1
IN26022713434085756799,cx,Multiple Issue,Misshipment,Misshipment,False,Misshipment,False,Misshipment,False,Misshipment,False,Misshipment,False,Misshipment,False,Misshipment,False,True,Misshipment,3
IN26022713434085756799,obd,Misshipment,Misshipment,Can't Say,False,Can't Say,False,Can't Say,False,Can't Say,False,Can't Say,False,Can't Say,False,Can't Say,False,True,Can't Say,2
IN26022713450631342329,cx,Can't Say,Can't Say,No Issue,False,No Issue,False,No Issue,False,No Issue,False,No Issue,False,No Issue,False,No Issue,False,True,No Issue,3
IN26022713450631342329,obd,Can't Say,Can't Say,No Issue,False,No Issue,False,No Issue,False,No Issue,False,No Issue,False,No Issue,False,No Issue,False,True,No Issue,1
IN26022713450674166335,cx,No Issue,Misshipment,No Issue,True,No Issue,True,No Issue,True,No Issue,True,No Issue,True,No Issue,True,No Issue,True,True,No Issue,3
IN26022713450674166335,obd,Can't Say,Misshipment,Can't Say,True,Can't Say,True,Can't Say,True,Can't Say,True,Can't Say,True,Can't Say,True,Can't Say,True,True,Can't Say,1
IN26022713481594898032,cx,Can't Say,Misshipment,Misshipment,False,Misshipment,False,Misshipment,False,Misshipment,False,Misshipment,False,Misshipment,False,Misshipment,False,True,Misshipment,3
IN26022713481594898032,obd,Can't Say,No Issue,No Issue,False,No Issue,False,No Issue,False,No Issue,False,No Issue,False,No Issue,False,No Issue,False,True,No Issue,1
IN26022713500546278485,cx,No Issue,No Issue,No Issue,True,No Issue,True,No Issue,True,No Issue,True,No Issue,True,No Issue,True,No Issue,True,True,No Issue,3
IN26022713500546278485,obd,Can't Say,No Issue,Can't Say,True,No Issue,False,Can't Say,True,No Issue,False,No Issue,False,Can't Say,True,Can't Say,True,False,Can't Say|No Issue,2
IN26022713552424814966,cx,Misshipment,Misshipment,Misshipment,True,Misshipment,True,Misshipment,True,Misshipment,True,Misshipment,True,Misshipment,True,Misshipment,True,True,Misshipment,4
IN26022713552424814966,obd,Can't Say,Misshipment,No Issue,False,No Issue,False,No Issue,False,No Issue,False,No Issue,False,No Issue,False,No Issue,False,True,No Issue,1
IN26022713552441687230,cx,Misshipment,No Issue,Multiple Issue,False,Multiple Issue,False,Misshipment,True,Misshipment,True,Multiple Issue,False,Multiple Issue,False,Misshipment,True,False,Misshipment|Multiple Issue,4
IN26022713552441687230,obd,Can't Say,No Issue,No Issue,False,No Issue,False,No Issue,False,No Issue,False,No Issue,False,No Issue,False,No Issue,False,True,No Issue,1
IN26022713562009193874,cx,No Issue,Misshipment,No Issue,True,No Issue,True,No Issue,True,No Issue,True,No Issue,True,No Issue,True,No Issue,True,True,No Issue,3
IN26022713562009193874,obd,Can't Say,No Issue,No Issue,False,No Issue,False,No Issue,False,No Issue,False,No Issue,False,No Issue,False,No Issue,False,True,No Issue,1
IN26022713570720239679,cx,Can't Say,No Issue,Can't Say,True,Can't Say,True,Can't Say,True,Can't Say,True,Can't Say,True,Can't Say,True,Can't Say,True,True,Can't Say,3
IN26022713570720239679,obd,Can't Say,No Issue,Can't Say,True,Can't Say,True,Can't Say,True,Can't Say,True,Can't Say,True,Can't Say,True,Can't Say,True,True,Can't Say,1
IN26022713592112488275,cx,Misshipment,Misshipment,Misshipment,True,Misshipment,True,Misshipment,True,Misshipment,True,Misshipment,True,Misshipment,True,Misshipment,True,True,Misshipment,3
IN26022713592112488275,obd,Can't Say,Can't Say,Can't Say,True,Can't Say,True,Can't Say,True,Can't Say,True,Can't Say,True,Can't Say,True,Can't Say,True,True,Can't Say,1
IN26022714001879149432,cx,Can't Say,No Issue,No Issue,False,No Issue,False,No Issue,False,No Issue,False,No Issue,False,No Issue,False,No Issue,False,True,No Issue,4
IN26022714001879149432,obd,Can't Say,No Issue,No Issue,False,No Issue,False,No Issue,False,No Issue,False,No Issue,False,No Issue,False,No Issue,False,True,No Issue,1
IN26022714004285202286,cx,Multiple Issue,Misshipment,Misshipment,False,Misshipment,False,Misshipment,False,Misshipment,False,Misshipment,False,Misshipment,False,Misshipment,False,True,Misshipment,4
IN26022714004285202286,obd,Can't Say,Misshipment,No Issue,False,No Issue,False,No Issue,False,No Issue,False,No Issue,False,No Issue,False,No Issue,False,True,No Issue,1
IN26022714010875035141,cx,Multiple Issue,Misshipment,Multiple Issue,True,Multiple Issue,True,Multiple Issue,True,Multiple Issue,True,Multiple Issue,True,Multiple Issue,True,Multiple Issue,True,True,Multiple Issue,4
IN26022714010875035141,obd,Can't Say,Misshipment,No Issue,False,No Issue,False,No Issue,False,No Issue,False,No Issue,False,No Issue,False,No Issue,False,True,No Issue,1
IN26022714013310059418,cx,Misshipment,Misshipment,Misshipment,True,Misshipment,True,Misshipment,True,Misshipment,True,Misshipment,True,Misshipment,True,Misshipment,True,True,Misshipment,4
IN26022714013310059418,obd,Can't Say,Misshipment,No Issue,False,No Issue,False,No Issue,False,No Issue,False,No Issue,False,No Issue,False,No Issue,False,True,No Issue,1
IN26022714030776585284,cx,Misshipment,Misshipment,Misshipment,True,Misshipment,True,Misshipment,True,Misshipment,True,Misshipment,True,Misshipment,True,Misshipment,True,True,Misshipment,3
IN26022714030776585284,obd,Can't Say,Misshipment,No Issue,False,No Issue,False,No Issue,False,No Issue,False,No Issue,False,No Issue,False,No Issue,False,True,No Issue,1
IN26022714061704910427,cx,Misshipment,Misshipment,Misshipment,True,Misshipment,True,Misshipment,True,Misshipment,True,Misshipment,True,Misshipment,True,Misshipment,True,True,Misshipment,4
IN26022714061704910427,obd,Can't Say,Misshipment,Can't Say,True,Can't Say,True,Can't Say,True,Can't Say,True,Can't Say,True,Can't Say,True,Can't Say,True,True,Can't Say,1
IN26022714081572843127,cx,Misshipment,Misshipment,Misshipment,True,Misshipment,True,Misshipment,True,Misshipment,True,Misshipment,True,Misshipment,True,Misshipment,True,True,Misshipment,4
IN26022714081572843127,obd,Can't Say,No Issue,Can't Say,True,Can't Say,True,Can't Say,True,Can't Say,True,Can't Say,True,Can't Say,True,Can't Say,True,True,Can't Say,2
IN26022714084012135100,cx,Misshipment,Misshipment,Misshipment,True,Misshipment,True,Misshipment,True,Misshipment,True,Misshipment,True,Misshipment,True,Misshipment,True,True,Misshipment,3
IN26022714084012135100,obd,Can't Say,Can't Say,Can't Say,True,Can't Say,True,Can't Say,True,Can't Say,True,Can't Say,True,Can't Say,True,Can't Say,True,True,Can't Say,1
IN26022714114688876938,cx,Misshipment,Misshipment,Misshipment,True,Misshipment,True,Misshipment,True,Misshipment,True,Misshipment,True,Misshipment,True,Misshipment,True,True,Misshipment,4
IN26022714114688876938,obd,Misshipment,Misshipment,Misshipment,True,Misshipment,True,Misshipment,True,Misshipment,True,Misshipment,True,Misshipment,True,Misshipment,True,True,Misshipment,2
IN26022714123886392121,cx,Misshipment,Misshipment,Misshipment,True,Misshipment,True,Misshipment,True,Misshipment,True,Misshipment,True,Misshipment,True,Misshipment,True,True,Misshipment,4
IN26022714123886392121,obd,Can't Say,Misshipment,Can't Say,True,Can't Say,True,Can't Say,True,Can't Say,True,Can't Say,True,Can't Say,True,Can't Say,True,True,Can't Say,1
IN26022714134883989407,cx,Misshipment,Misshipment,Misshipment,True,Misshipment,True,Misshipment,True,Misshipment,True,Misshipment,True,Misshipment,True,Misshipment,True,True,Misshipment,3
IN26022714134883989407,obd,No Issue,No Issue,No Issue,True,No Issue,True,No Issue,True,No Issue,True,No Issue,True,No Issue,True,No Issue,True,True,No Issue,2
IN26022714140296452141,cx,Misshipment,Misshipment,Misshipment,True,Misshipment,True,Misshipment,True,Misshipment,True,Misshipment,True,Misshipment,True,Misshipment,True,True,Misshipment,3
IN26022714140296452141,obd,Can't Say,Misshipment,No Issue,False,No Issue,False,No Issue,False,No Issue,False,No Issue,False,No Issue,False,No Issue,False,True,No Issue,2
IN26022714162662862009,cx,Misshipment,Misshipment,Misshipment,True,Misshipment,True,Misshipment,True,Misshipment,True,Misshipment,True,Misshipment,True,Misshipment,True,True,Misshipment,4
IN26022714162662862009,obd,Can't Say,Can't Say,Can't Say,True,Can't Say,True,Can't Say,True,Can't Say,True,Can't Say,True,Can't Say,True,Can't Say,True,True,Can't Say,1
IN26022714165548232766,cx,Misshipment,Misshipment,Misshipment,True,Misshipment,True,Misshipment,True,Misshipment,True,Misshipment,True,Misshipment,True,Misshipment,True,True,Misshipment,4
IN26022714165548232766,obd,Can't Say,Misshipment,Can't Say,True,Can't Say,True,Can't Say,True,Can't Say,True,Can't Say,True,Can't Say,True,Can't Say,True,True,Can't Say,1
IN26022714201320427889,cx,Misshipment,Misshipment,Misshipment,True,Misshipment,True,Misshipment,True,Misshipment,True,Misshipment,True,Misshipment,True,Misshipment,True,True,Misshipment,3
IN26022714201320427889,obd,Can't Say,No Issue,No Issue,False,No Issue,False,No Issue,False,No Issue,False,No Issue,False,No Issue,False,No Issue,False,True,No Issue,1
IN26022714231119187392,cx,Misshipment,Misshipment,Misshipment,True,Misshipment,True,Misshipment,True,Misshipment,True,Misshipment,True,Misshipment,True,Misshipment,True,True,Misshipment,4
IN26022714231119187392,obd,Can't Say,No Issue,Can't Say,True,Can't Say,True,Can't Say,True,Can't Say,True,Can't Say,True,Can't Say,True,Can't Say,True,True,Can't Say,2
IN26022714240792540211,cx,Misshipment,Misshipment,Misshipment,True,Misshipment,True,Misshipment,True,Misshipment,True,Misshipment,True,Misshipment,True,Misshipment,True,True,Misshipment,3
IN26022714240792540211,obd,Can't Say,Misshipment,No Issue,False,No Issue,False,No Issue,False,No Issue,False,No Issue,False,No Issue,False,No Issue,False,True,No Issue,1
IN26022714271260184695,cx,No Issue,No Issue,No Issue,True,No Issue,True,No Issue,True,No Issue,True,No Issue,True,No Issue,True,No Issue,True,True,No Issue,3
IN26022714271260184695,obd,Can't Say,No Issue,,,,,,,,,,,,,,,,,1
IN26022714275326622798,cx,No Issue,No Issue,No Issue,True,No Issue,True,No Issue,True,No Issue,True,No Issue,True,No Issue,True,No Issue,True,True,No Issue,3
IN26022714275326622798,obd,No Issue,No Issue,Misshipment,False,Misshipment,False,Misshipment,False,Misshipment,False,Misshipment,False,Misshipment,False,Misshipment,False,True,Misshipment,2
IN26022714300488289977,cx,Misshipment,Misshipment,Misshipment,True,Misshipment,True,Misshipment,True,Misshipment,True,Misshipment,True,Misshipment,True,Misshipment,True,True,Misshipment,4
IN26022714300488289977,obd,Can't Say,Misshipment,Multiple Issue,False,Multiple Issue,False,Multiple Issue,False,Multiple Issue,False,Multiple Issue,False,Multiple Issue,False,Multiple Issue,False,True,Multiple Issue,2
IN26022714360227598659,cx,Misshipment,Misshipment,Misshipment,True,Misshipment,True,No Issue,False,No Issue,False,No Issue,False,Misshipment,True,Misshipment,True,False,Misshipment|No Issue,3
IN26022714360227598659,obd,Can't Say,Misshipment,Can't Say,True,Can't Say,True,Can't Say,True,Can't Say,True,Can't Say,True,Can't Say,True,Can't Say,True,True,Can't Say,1
IN26022714361386686647,cx,Misshipment,Misshipment,Misshipment,True,Misshipment,True,Misshipment,True,Misshipment,True,Misshipment,True,Misshipment,True,Misshipment,True,True,Misshipment,4
IN26022714361386686647,obd,Can't Say,Misshipment,Can't Say,True,Can't Say,True,Can't Say,True,Can't Say,True,Can't Say,True,Can't Say,True,Can't Say,True,True,Can't Say,1
IN26022714365925244404,cx,Misshipment,Misshipment,Misshipment,True,Misshipment,True,Misshipment,True,Misshipment,True,Misshipment,True,Misshipment,True,Misshipment,True,True,Misshipment,4
IN26022714365925244404,obd,Can't Say,Misshipment,No Issue,False,No Issue,False,No Issue,False,No Issue,False,No Issue,False,No Issue,False,No Issue,False,True,No Issue,1
IN26022714374476191623,cx,Misshipment,Misshipment,Misshipment,True,Misshipment,True,Misshipment,True,Misshipment,True,Misshipment,True,Misshipment,True,Misshipment,True,True,Misshipment,3
IN26022714374476191623,obd,Can't Say,Can't Say,Can't Say,True,Can't Say,True,Can't Say,True,Can't Say,True,Can't Say,True,Can't Say,True,Can't Say,True,True,Can't Say,2
IN26022714390157507053,cx,Misshipment,Misshipment,Misshipment,True,Misshipment,True,Misshipment,True,Misshipment,True,Misshipment,True,Misshipment,True,Misshipment,True,True,Misshipment,3
IN26022714390157507053,obd,Misshipment,No Issue,No Issue,False,No Issue,False,No Issue,False,No Issue,False,No Issue,False,No Issue,False,No Issue,False,True,No Issue,2
IN26022714391546904497,cx,Minor Damage,No Issue,No Issue,False,No Issue,False,No Issue,False,No Issue,False,No Issue,False,No Issue,False,No Issue,False,True,No Issue,3
IN26022714391546904497,obd,No Issue,No Issue,No Issue,True,No Issue,True,No Issue,True,No Issue,True,No Issue,True,No Issue,True,No Issue,True,True,No Issue,2
IN26022714453661767422,cx,No Issue,No Issue,No Issue,True,No Issue,True,No Issue,True,No Issue,True,No Issue,True,No Issue,True,No Issue,True,True,No Issue,3
IN26022714453661767422,obd,Can't Say,No Issue,No Issue,False,Can't Say,True,No Issue,False,No Issue,False,Can't Say,True,No Issue,False,No Issue,False,False,Can't Say|No Issue,1
IN26022714493031921965,cx,No Issue,Misshipment,No Issue,True,No Issue,True,No Issue,True,No Issue,True,No Issue,True,No Issue,True,No Issue,True,True,No Issue,4
IN26022714493031921965,obd,Can't Say,Misshipment,No Issue,False,No Issue,False,No Issue,False,No Issue,False,No Issue,False,No Issue,False,No Issue,False,True,No Issue,1
IN26022714493266299351,cx,Misshipment,Misshipment,Misshipment,True,Misshipment,True,Misshipment,True,Misshipment,True,Misshipment,True,Misshipment,True,Misshipment,True,True,Misshipment,4
IN26022714493266299351,obd,Misshipment,Misshipment,Misshipment,True,Misshipment,True,Misshipment,True,Misshipment,True,Misshipment,True,Misshipment,True,Misshipment,True,True,Misshipment,2
IN26022714520085404082,cx,Can't Say,Can't Say,Can't Say,True,Can't Say,True,Can't Say,True,Can't Say,True,Can't Say,True,Can't Say,True,Can't Say,True,True,Can't Say,3
IN26022714520085404082,obd,Misshipment,Misshipment,Misshipment,True,Misshipment,True,Misshipment,True,Misshipment,True,Misshipment,True,Misshipment,True,Misshipment,True,True,Misshipment,2
IN26022715021705536960,cx,No Issue,No Issue,No Issue,True,No Issue,True,No Issue,True,No Issue,True,No Issue,True,No Issue,True,No Issue,True,True,No Issue,4
IN26022715021705536960,obd,No Issue,No Issue,No Issue,True,No Issue,True,No Issue,True,No Issue,True,No Issue,True,No Issue,True,No Issue,True,True,No Issue,2
IN26022715064931323623,cx,Can't Say,Can't Say,Can't Say,True,Can't Say,True,Can't Say,True,Can't Say,True,Can't Say,True,Can't Say,True,Can't Say,True,True,Can't Say,4
IN26022715064931323623,obd,Can't Say,Can't Say,Misshipment,False,Misshipment,False,Misshipment,False,Misshipment,False,Misshipment,False,Misshipment,False,Misshipment,False,True,Misshipment,2
IN26022715071511481512,cx,Misshipment,Misshipment,Misshipment,True,Misshipment,True,Misshipment,True,Misshipment,True,Misshipment,True,Misshipment,True,Misshipment,True,True,Misshipment,3
IN26022715071511481512,obd,Misshipment,No Issue,No Issue,False,No Issue,False,No Issue,False,No Issue,False,No Issue,False,No Issue,False,No Issue,False,True,No Issue,2
IN26022715111640864321,cx,Misshipment,Misshipment,Misshipment,True,Misshipment,True,Misshipment,True,Misshipment,True,Misshipment,True,Misshipment,True,Misshipment,True,True,Misshipment,4
IN26022715111640864321,obd,Can't Say,Misshipment,,,,,,,,,,,,,,,,,1
IN26022715143330178675,cx,Can't Say,Misshipment,Misshipment,False,Misshipment,False,Misshipment,False,Misshipment,False,Misshipment,False,Misshipment,False,Misshipment,False,True,Misshipment,4
IN26022715143330178675,obd,Can't Say,Can't Say,Can't Say,True,Can't Say,True,Can't Say,True,Can't Say,True,Can't Say,True,Can't Say,True,Can't Say,True,True,Can't Say,1
IN26022715143361519176,cx,No Issue,No Issue,Can't Say,False,Can't Say,False,Can't Say,False,Can't Say,False,Can't Say,False,Can't Say,False,Can't Say,False,True,Can't Say,4
IN26022715143361519176,obd,Can't Say,Misshipment,Can't Say,True,Can't Say,True,Can't Say,True,Can't Say,True,Can't Say,True,Can't Say,True,Can't Say,True,True,Can't Say,1
IN26022715155379903463,cx,Can't Say,Can't Say,Can't Say,True,Can't Say,True,Can't Say,True,Can't Say,True,Can't Say,True,Can't Say,True,Can't Say,True,True,Can't Say,4
IN26022715155379903463,obd,Can't Say,Can't Say,Can't Say,True,Can't Say,True,Can't Say,True,Can't Say,True,Can't Say,True,Can't Say,True,Can't Say,True,True,Can't Say,2
IN26022715160905372474,cx,Misshipment,Misshipment,Misshipment,True,Misshipment,True,Misshipment,True,Misshipment,True,Misshipment,True,Misshipment,True,Misshipment,True,True,Misshipment,4
IN26022715160905372474,obd,Can't Say,Misshipment,Can't Say,True,Can't Say,True,Can't Say,True,Can't Say,True,Can't Say,True,Can't Say,True,Can't Say,True,True,Can't Say,1
IN26022715170174763368,cx,Misshipment,Misshipment,Misshipment,True,Misshipment,True,Misshipment,True,Misshipment,True,Misshipment,True,Misshipment,True,Misshipment,True,True,Misshipment,4
IN26022715170174763368,obd,Misshipment,Misshipment,Misshipment,True,Misshipment,True,Misshipment,True,Misshipment,True,Misshipment,True,Misshipment,True,Misshipment,True,True,Misshipment,2
IN26022715175384292810,cx,Misshipment,Misshipment,Misshipment,True,Misshipment,True,Misshipment,True,Misshipment,True,Misshipment,True,Misshipment,True,Misshipment,True,True,Misshipment,4
IN26022715175384292810,obd,Can't Say,Misshipment,Can't Say,True,Can't Say,True,Can't Say,True,Can't Say,True,Can't Say,True,Can't Say,True,Can't Say,True,True,Can't Say,1
IN26022715193144445106,cx,Can't Say,Can't Say,Can't Say,True,Can't Say,True,Can't Say,True,Can't Say,True,Can't Say,True,Can't Say,True,Can't Say,True,True,Can't Say,3
IN26022715193144445106,obd,Can't Say,No Issue,Can't Say,True,Can't Say,True,Can't Say,True,Can't Say,True,Can't Say,True,Can't Say,True,Can't Say,True,True,Can't Say,1
IN26022715235729358595,cx,Misshipment,Misshipment,Misshipment,True,Misshipment,True,Misshipment,True,Misshipment,True,Misshipment,True,Misshipment,True,Misshipment,True,True,Misshipment,4
IN26022715235729358595,obd,No Issue,No Issue,No Issue,True,No Issue,True,No Issue,True,No Issue,True,No Issue,True,No Issue,True,No Issue,True,True,No Issue,2
IN26022715271940347308,cx,Misshipment,Misshipment,Misshipment,True,Misshipment,True,Misshipment,True,Misshipment,True,Misshipment,True,Misshipment,True,Misshipment,True,True,Misshipment,3
IN26022715271940347308,obd,Can't Say,Misshipment,No Issue,False,No Issue,False,No Issue,False,No Issue,False,No Issue,False,No Issue,False,No Issue,False,True,No Issue,1
IN26022715295772156698,cx,No Issue,No Issue,No Issue,True,No Issue,True,No Issue,True,No Issue,True,No Issue,True,No Issue,True,No Issue,True,True,No Issue,3
IN26022715295772156698,obd,Misshipment,Misshipment,Misshipment,True,Misshipment,True,Misshipment,True,Misshipment,True,Misshipment,True,Misshipment,True,Misshipment,True,True,Misshipment,2
IN26022715314104230419,cx,Misshipment,Misshipment,Misshipment,True,Misshipment,True,Misshipment,True,Misshipment,True,Misshipment,True,Misshipment,True,Misshipment,True,True,Misshipment,4
IN26022715314104230419,obd,Can't Say,Misshipment,No Issue,False,No Issue,False,No Issue,False,No Issue,False,No Issue,False,No Issue,False,No Issue,False,True,No Issue,1
IN26022715321007651928,cx,Misshipment,Misshipment,Misshipment,True,Misshipment,True,Misshipment,True,Misshipment,True,Misshipment,True,Misshipment,True,Misshipment,True,True,Misshipment,3
IN26022715321007651928,obd,Can't Say,Misshipment,No Issue,False,No Issue,False,No Issue,False,No Issue,False,No Issue,False,No Issue,False,No Issue,False,True,No Issue,1
IN26022715360919336067,cx,Misshipment,No Issue,Misshipment,True,Misshipment,True,Misshipment,True,Misshipment,True,Misshipment,True,Misshipment,True,Misshipment,True,True,Misshipment,4
IN26022715360919336067,obd,Can't Say,Can't Say,No Issue,False,No Issue,False,No Issue,False,No Issue,False,No Issue,False,No Issue,False,No Issue,False,True,No Issue,1
IN26022715383359274557,cx,No Issue,No Issue,No Issue,True,Misshipment,False,No Issue,True,No Issue,True,Misshipment,False,No Issue,True,Misshipment,False,False,Misshipment|No Issue,3
IN26022715383359274557,obd,Can't Say,No Issue,Can't Say,True,Can't Say,True,Can't Say,True,Can't Say,True,Can't Say,True,Can't Say,True,Can't Say,True,True,Can't Say,1
IN26022715394745335135,cx,Can't Say,Can't Say,Misshipment,False,Misshipment,False,Misshipment,False,Misshipment,False,Misshipment,False,Misshipment,False,Misshipment,False,True,Misshipment,3
IN26022715394745335135,obd,Can't Say,No Issue,No Issue,False,No Issue,False,No Issue,False,No Issue,False,No Issue,False,No Issue,False,No Issue,False,True,No Issue,2
IN26022715395482991919,cx,Misshipment,Misshipment,Misshipment,True,Misshipment,True,Misshipment,True,Misshipment,True,Misshipment,True,Misshipment,True,Misshipment,True,True,Misshipment,3
IN26022715395482991919,obd,Can't Say,No Issue,Can't Say,True,Can't Say,True,Can't Say,True,Can't Say,True,Can't Say,True,Can't Say,True,Can't Say,True,True,Can't Say,1
IN26022715430300384774,cx,Misshipment,Misshipment,Misshipment,True,Misshipment,True,Misshipment,True,Misshipment,True,Misshipment,True,Misshipment,True,Misshipment,True,True,Misshipment,4
IN26022715430300384774,obd,Can't Say,No Issue,Can't Say,True,Can't Say,True,Can't Say,True,Can't Say,True,Can't Say,True,Can't Say,True,Can't Say,True,True,Can't Say,1
IN26022715453541098366,cx,Misshipment,Misshipment,No Issue,False,Misshipment,True,No Issue,False,No Issue,False,Misshipment,True,Misshipment,True,Misshipment,True,False,Misshipment|No Issue,3
IN26022715453541098366,obd,Can't Say,No Issue,Can't Say,True,Can't Say,True,Can't Say,True,Can't Say,True,Can't Say,True,Can't Say,True,Can't Say,True,True,Can't Say,1
IN26022715453971410001,cx,Misshipment,Misshipment,Misshipment,True,Misshipment,True,Misshipment,True,Misshipment,True,Misshipment,True,Misshipment,True,Misshipment,True,True,Misshipment,4
IN26022715453971410001,obd,Can't Say,No Issue,Can't Say,True,Can't Say,True,Can't Say,True,Can't Say,True,Can't Say,True,Can't Say,True,Can't Say,True,True,Can't Say,1
IN26022715474438346914,cx,No Issue,No Issue,No Issue,True,No Issue,True,No Issue,True,No Issue,True,No Issue,True,No Issue,True,No Issue,True,True,No Issue,4
IN26022715474438346914,obd,Can't Say,Can't Say,Can't Say,True,Can't Say,True,Can't Say,True,Can't Say,True,Can't Say,True,Can't Say,True,Can't Say,True,True,Can't Say,1
IN26022715493921569745,cx,Misshipment,No Issue,Multiple Issue,False,Multiple Issue,False,Multiple Issue,False,Multiple Issue,False,Multiple Issue,False,Multiple Issue,False,Multiple Issue,False,True,Multiple Issue,4
IN26022715493921569745,obd,Misshipment,No Issue,No Issue,False,No Issue,False,No Issue,False,No Issue,False,No Issue,False,No Issue,False,No Issue,False,True,No Issue,2
IN26022715505858298831,cx,Misshipment,Misshipment,Misshipment,True,Misshipment,True,Misshipment,True,Misshipment,True,Misshipment,True,Misshipment,True,Misshipment,True,True,Misshipment,4
IN26022715505858298831,obd,Can't Say,Can't Say,No Issue,False,No Issue,False,No Issue,False,No Issue,False,No Issue,False,No Issue,False,No Issue,False,True,No Issue,2
IN26022715514174273413,cx,Misshipment,Misshipment,Misshipment,True,Misshipment,True,Misshipment,True,Misshipment,True,Minor Missing,False,Minor Missing,False,Misshipment,True,False,Minor Missing|Misshipment,3
IN26022715514174273413,obd,Can't Say,No Issue,Can't Say,True,No Issue,False,Can't Say,True,Can't Say,True,Can't Say,True,No Issue,False,No Issue,False,False,Can't Say|No Issue,1
IN26022715514285621185,cx,Misshipment,Misshipment,Misshipment,True,Misshipment,True,Misshipment,True,Misshipment,True,Misshipment,True,Misshipment,True,Misshipment,True,True,Misshipment,3
IN26022715514285621185,obd,Can't Say,No Issue,No Issue,False,No Issue,False,No Issue,False,No Issue,False,No Issue,False,No Issue,False,No Issue,False,True,No Issue,1
IN26022715515231538342,cx,Misshipment,Misshipment,Misshipment,True,Misshipment,True,Misshipment,True,Misshipment,True,Misshipment,True,Misshipment,True,Misshipment,True,True,Misshipment,3
IN26022715515231538342,obd,Can't Say,No Issue,Can't Say,True,Can't Say,True,Can't Say,True,Can't Say,True,Can't Say,True,Can't Say,True,Can't Say,True,True,Can't Say,1
IN26022715530473419889,cx,Misshipment,No Issue,Misshipment,True,Misshipment,True,Misshipment,True,Misshipment,True,Misshipment,True,Misshipment,True,Misshipment,True,True,Misshipment,3
IN26022715530473419889,obd,Can't Say,No Issue,No Issue,False,No Issue,False,No Issue,False,No Issue,False,No Issue,False,No Issue,False,No Issue,False,True,No Issue,1
IN26022715540417221952,cx,Misshipment,Misshipment,Misshipment,True,Misshipment,True,Misshipment,True,Misshipment,True,Misshipment,True,Misshipment,True,Misshipment,True,True,Misshipment,4
IN26022715540417221952,obd,Misshipment,Misshipment,Misshipment,True,Misshipment,True,Misshipment,True,Misshipment,True,Misshipment,True,Misshipment,True,Misshipment,True,True,Misshipment,2
IN26022715591667574792,cx,Misshipment,No Issue,Misshipment,True,Misshipment,True,Misshipment,True,Misshipment,True,Misshipment,True,Misshipment,True,Misshipment,True,True,Misshipment,3
IN26022715591667574792,obd,Misshipment,No Issue,Misshipment,True,Misshipment,True,Misshipment,True,Misshipment,True,Misshipment,True,Misshipment,True,Misshipment,True,True,Misshipment,2
IN26022716020234712160,cx,Misshipment,Misshipment,Misshipment,True,Misshipment,True,Misshipment,True,Misshipment,True,Misshipment,True,Misshipment,True,Misshipment,True,True,Misshipment,3
IN26022716020234712160,obd,Can't Say,Misshipment,No Issue,False,No Issue,False,No Issue,False,No Issue,False,No Issue,False,No Issue,False,No Issue,False,True,No Issue,1
IN26022716021267235887,cx,Can't Say,Can't Say,Can't Say,True,Can't Say,True,Can't Say,True,Can't Say,True,Can't Say,True,Can't Say,True,Can't Say,True,True,Can't Say,3
IN26022716021267235887,obd,Misshipment,Misshipment,Misshipment,True,Misshipment,True,Misshipment,True,Misshipment,True,Misshipment,True,Misshipment,True,Misshipment,True,True,Misshipment,2
IN26022716025043140533,cx,No Issue,No Issue,Misshipment,False,Misshipment,False,Misshipment,False,Misshipment,False,Misshipment,False,Misshipment,False,Misshipment,False,True,Misshipment,3
IN26022716025043140533,obd,No Issue,No Issue,No Issue,True,Can't Say,False,No Issue,True,Can't Say,False,Can't Say,False,No Issue,True,Can't Say,False,False,Can't Say|No Issue,2
IN26022716073536303086,cx,Misshipment,Misshipment,Misshipment,True,Misshipment,True,Misshipment,True,Misshipment,True,Misshipment,True,Misshipment,True,Misshipment,True,True,Misshipment,4
IN26022716073536303086,obd,Can't Say,Misshipment,Can't Say,True,Can't Say,True,Can't Say,True,Can't Say,True,Can't Say,True,Can't Say,True,Can't Say,True,True,Can't Say,1
IN26022716101832273139,cx,Misshipment,Misshipment,Misshipment,True,Misshipment,True,Misshipment,True,Misshipment,True,Misshipment,True,Misshipment,True,Misshipment,True,True,Misshipment,3
IN26022716101832273139,obd,Can't Say,Misshipment,Can't Say,True,,,Can't Say,True,Can't Say,True,Can't Say,True,Can't Say,True,Can't Say,True,True,Can't Say,1
IN26022716111521566052,cx,No Issue,No Issue,No Issue,True,No Issue,True,No Issue,True,No Issue,True,No Issue,True,No Issue,True,No Issue,True,True,No Issue,4
IN26022716111521566052,obd,Can't Say,No Issue,No Issue,False,No Issue,False,No Issue,False,No Issue,False,No Issue,False,No Issue,False,No Issue,False,True,No Issue,1
IN26022716125372797563,cx,No Issue,Misshipment,Misshipment,False,Misshipment,False,Misshipment,False,Misshipment,False,Misshipment,False,Misshipment,False,Misshipment,False,True,Misshipment,4
IN26022716125372797563,obd,Can't Say,Misshipment,Can't Say,True,Can't Say,True,Can't Say,True,Can't Say,True,Can't Say,True,Can't Say,True,Can't Say,True,True,Can't Say,1
IN26022716211027661687,cx,No Issue,Misshipment,No Issue,True,No Issue,True,No Issue,True,No Issue,True,No Issue,True,No Issue,True,No Issue,True,True,No Issue,3
IN26022716211027661687,obd,Can't Say,No Issue,Can't Say,True,Can't Say,True,Can't Say,True,Can't Say,True,Can't Say,True,Can't Say,True,Can't Say,True,True,Can't Say,1
IN26022716223755324017,cx,Misshipment,Misshipment,Misshipment,True,Misshipment,True,Can't Say,False,Can't Say,False,Misshipment,True,Misshipment,True,Can't Say,False,False,Can't Say|Misshipment,4
IN26022716223755324017,obd,Can't Say,Can't Say,Can't Say,True,Can't Say,True,Can't Say,True,Can't Say,True,Can't Say,True,Can't Say,True,Can't Say,True,True,Can't Say,1
IN26022716245487178024,cx,Misshipment,Misshipment,Misshipment,True,Misshipment,True,Misshipment,True,Misshipment,True,Misshipment,True,Misshipment,True,Misshipment,True,True,Misshipment,3
IN26022716245487178024,obd,Can't Say,Can't Say,Can't Say,True,Can't Say,True,Can't Say,True,Can't Say,True,Can't Say,True,Can't Say,True,Can't Say,True,True,Can't Say,1
IN26022716250030998575,cx,Minor Missing,Can't Say,No Issue,False,No Issue,False,No Issue,False,No Issue,False,No Issue,False,No Issue,False,No Issue,False,True,No Issue,3
IN26022716250030998575,obd,Can't Say,No Issue,No Issue,False,No Issue,False,No Issue,False,No Issue,False,No Issue,False,No Issue,False,No Issue,False,True,No Issue,1
IN26022716274493419570,cx,Misshipment,Misshipment,Misshipment,True,Misshipment,True,Misshipment,True,Misshipment,True,Misshipment,True,Misshipment,True,Misshipment,True,True,Misshipment,3
IN26022716274493419570,obd,Misshipment,Misshipment,Misshipment,True,Misshipment,True,Misshipment,True,Misshipment,True,Misshipment,True,Misshipment,True,Misshipment,True,True,Misshipment,2
IN26022716294976229658,cx,Misshipment,Misshipment,Misshipment,True,Misshipment,True,Misshipment,True,Misshipment,True,Misshipment,True,Misshipment,True,Misshipment,True,True,Misshipment,4
IN26022716294976229658,obd,Can't Say,Can't Say,Can't Say,True,Can't Say,True,Can't Say,True,Can't Say,True,Can't Say,True,Can't Say,True,Can't Say,True,True,Can't Say,1
IN26022716313832110417,cx,No Issue,Can't Say,Multiple Issue,False,Multiple Issue,False,Multiple Issue,False,Multiple Issue,False,Multiple Issue,False,Multiple Issue,False,Multiple Issue,False,True,Multiple Issue,3
IN26022716313832110417,obd,Can't Say,Can't Say,Can't Say,True,Can't Say,True,Can't Say,True,Can't Say,True,Can't Say,True,Can't Say,True,Can't Say,True,True,Can't Say,1
IN26022716314149719381,cx,Misshipment,Minor Damage,Misshipment,True,Misshipment,True,Misshipment,True,Misshipment,True,Misshipment,True,Misshipment,True,Misshipment,True,True,Misshipment,3
IN26022716314149719381,obd,No Issue,Misshipment,No Issue,True,No Issue,True,No Issue,True,No Issue,True,No Issue,True,No Issue,True,No Issue,True,True,No Issue,2
IN26022716324126573927,cx,Misshipment,No Issue,Misshipment,True,Misshipment,True,Misshipment,True,Misshipment,True,Misshipment,True,Misshipment,True,Misshipment,True,True,Misshipment,3
IN26022716324126573927,obd,Can't Say,No Issue,Can't Say,True,Can't Say,True,Can't Say,True,Can't Say,True,Can't Say,True,Can't Say,True,Can't Say,True,True,Can't Say,1
IN26022716350438846263,cx,Can't Say,Can't Say,Can't Say,True,Can't Say,True,Can't Say,True,Can't Say,True,Can't Say,True,Can't Say,True,Can't Say,True,True,Can't Say,3
IN26022716350438846263,obd,No Issue,No Issue,No Issue,True,No Issue,True,No Issue,True,No Issue,True,No Issue,True,No Issue,True,No Issue,True,True,No Issue,2
IN26022716415202287582,cx,No Issue,No Issue,No Issue,True,No Issue,True,No Issue,True,No Issue,True,No Issue,True,No Issue,True,No Issue,True,True,No Issue,4
IN26022716415202287582,obd,Can't Say,No Issue,Can't Say,True,Can't Say,True,Can't Say,True,Can't Say,True,Can't Say,True,Can't Say,True,Can't Say,True,True,Can't Say,1
IN26022716425196901747,cx,Multiple Issue,Misshipment,Misshipment,False,Multiple Issue,True,Multiple Issue,True,Multiple Issue,True,Misshipment,False,Misshipment,False,Misshipment,False,False,Misshipment|Multiple Issue,3
IN26022716425196901747,obd,Can't Say,Can't Say,Can't Say,True,Can't Say,True,Can't Say,True,Can't Say,True,Can't Say,True,Can't Say,True,Can't Say,True,True,Can't Say,1
IN26022716455068867538,cx,No Issue,Misshipment,No Issue,True,No Issue,True,No Issue,True,No Issue,True,No Issue,True,No Issue,True,No Issue,True,True,No Issue,4
IN26022716455068867538,obd,Can't Say,Can't Say,No Issue,False,No Issue,False,No Issue,False,No Issue,False,No Issue,False,No Issue,False,No Issue,False,True,No Issue,1
IN26022716521283719430,cx,No Issue,No Issue,No Issue,True,No Issue,True,No Issue,True,No Issue,True,No Issue,True,No Issue,True,No Issue,True,True,No Issue,3
IN26022716521283719430,obd,No Issue,No Issue,No Issue,True,No Issue,True,No Issue,True,No Issue,True,No Issue,True,No Issue,True,No Issue,True,True,No Issue,2
IN26022716595063066977,cx,No Issue,Misshipment,No Issue,True,No Issue,True,No Issue,True,No Issue,True,No Issue,True,No Issue,True,No Issue,True,True,No Issue,4
IN26022716595063066977,obd,Can't Say,Misshipment,No Issue,False,No Issue,False,No Issue,False,No Issue,False,No Issue,False,No Issue,False,No Issue,False,True,No Issue,1
IN26022717003783849968,cx,No Issue,No Issue,No Issue,True,No Issue,True,No Issue,True,No Issue,True,No Issue,True,No Issue,True,No Issue,True,True,No Issue,3
IN26022717003783849968,obd,Can't Say,No Issue,No Issue,False,No Issue,False,No Issue,False,No Issue,False,No Issue,False,No Issue,False,No Issue,False,True,No Issue,1
IN26022717065609714115,cx,No Issue,No Issue,No Issue,True,No Issue,True,No Issue,True,No Issue,True,No Issue,True,No Issue,True,No Issue,True,True,No Issue,4
IN26022717065609714115,obd,Can't Say,No Issue,Can't Say,True,Can't Say,True,Can't Say,True,Can't Say,True,Can't Say,True,Can't Say,True,Can't Say,True,True,Can't Say,1
IN26022717095862968928,cx,Misshipment,Misshipment,Misshipment,True,Misshipment,True,Misshipment,True,Misshipment,True,Misshipment,True,Misshipment,True,Misshipment,True,True,Misshipment,4
IN26022717095862968928,obd,Can't Say,Misshipment,No Issue,False,No Issue,False,No Issue,False,No Issue,False,No Issue,False,No Issue,False,No Issue,False,True,No Issue,1
IN26022717101909302055,cx,Misshipment,No Issue,Misshipment,True,Misshipment,True,Misshipment,True,Misshipment,True,Misshipment,True,Misshipment,True,Misshipment,True,True,Misshipment,4
IN26022717101909302055,obd,No Issue,No Issue,No Issue,True,No Issue,True,No Issue,True,No Issue,True,No Issue,True,No Issue,True,No Issue,True,True,No Issue,2
IN26022717111851773531,cx,No Issue,No Issue,No Issue,True,No Issue,True,No Issue,True,No Issue,True,No Issue,True,No Issue,True,No Issue,True,True,No Issue,4
IN26022717111851773531,obd,No Issue,No Issue,No Issue,True,No Issue,True,No Issue,True,No Issue,True,No Issue,True,No Issue,True,No Issue,True,True,No Issue,2
IN26022717111997416715,cx,Misshipment,Misshipment,Misshipment,True,Misshipment,True,Misshipment,True,Misshipment,True,Misshipment,True,Misshipment,True,Misshipment,True,True,Misshipment,3
IN26022717111997416715,obd,Can't Say,Misshipment,Can't Say,True,Can't Say,True,Can't Say,True,Can't Say,True,Can't Say,True,Can't Say,True,Can't Say,True,True,Can't Say,1
IN26022717132261101974,cx,Misshipment,Misshipment,Misshipment,True,Misshipment,True,Misshipment,True,Misshipment,True,Misshipment,True,Misshipment,True,Misshipment,True,True,Misshipment,4
IN26022717132261101974,obd,Can't Say,Can't Say,Can't Say,True,Can't Say,True,Can't Say,True,Can't Say,True,Can't Say,True,Can't Say,True,Can't Say,True,True,Can't Say,2
IN26022717132417350262,cx,Misshipment,Misshipment,Misshipment,True,Misshipment,True,Misshipment,True,Misshipment,True,Misshipment,True,Misshipment,True,Misshipment,True,True,Misshipment,2
IN26022717132417350262,obd,Misshipment,Misshipment,Misshipment,True,Misshipment,True,Misshipment,True,Misshipment,True,Misshipment,True,Misshipment,True,Misshipment,True,True,Misshipment,2
IN26022717135757846655,cx,No Issue,Misshipment,Misshipment,False,Misshipment,False,Misshipment,False,Misshipment,False,Misshipment,False,Misshipment,False,Misshipment,False,True,Misshipment,3
IN26022717135757846655,obd,Can't Say,Can't Say,Can't Say,True,Can't Say,True,Can't Say,True,Can't Say,True,Can't Say,True,Can't Say,True,Can't Say,True,True,Can't Say,1
IN26022717151389900139,cx,Misshipment,Misshipment,Misshipment,True,Misshipment,True,Misshipment,True,Misshipment,True,Misshipment,True,Misshipment,True,Misshipment,True,True,Misshipment,4
IN26022717151389900139,obd,No Issue,Misshipment,No Issue,True,No Issue,True,No Issue,True,No Issue,True,No Issue,True,No Issue,True,No Issue,True,True,No Issue,2
IN26022717164526658756,cx,Misshipment,Misshipment,Misshipment,True,Misshipment,True,Misshipment,True,Misshipment,True,Misshipment,True,Misshipment,True,Misshipment,True,True,Misshipment,3
IN26022717164526658756,obd,Can't Say,No Issue,Can't Say,True,Can't Say,True,Can't Say,True,Can't Say,True,Can't Say,True,Can't Say,True,Can't Say,True,True,Can't Say,1
IN26022717165539224215,cx,Misshipment,No Issue,Misshipment,True,Misshipment,True,Misshipment,True,Misshipment,True,Misshipment,True,Misshipment,True,Misshipment,True,True,Misshipment,4
IN26022717165539224215,obd,Can't Say,No Issue,No Issue,False,No Issue,False,No Issue,False,No Issue,False,No Issue,False,No Issue,False,No Issue,False,True,No Issue,1
IN26022717182095727133,cx,Misshipment,Misshipment,Misshipment,True,Misshipment,True,Misshipment,True,Misshipment,True,Misshipment,True,Misshipment,True,Misshipment,True,True,Misshipment,3
IN26022717182095727133,obd,Misshipment,No Issue,No Issue,False,No Issue,False,No Issue,False,No Issue,False,No Issue,False,No Issue,False,No Issue,False,True,No Issue,2
IN26022717182747960461,cx,No Issue,Misshipment,No Issue,True,No Issue,True,No Issue,True,No Issue,True,No Issue,True,No Issue,True,No Issue,True,True,No Issue,4
IN26022717182747960461,obd,Can't Say,Can't Say,Can't Say,True,Can't Say,True,Can't Say,True,Can't Say,True,Can't Say,True,Can't Say,True,Can't Say,True,True,Can't Say,1
IN26022717200037702095,cx,Misshipment,Misshipment,Misshipment,True,Misshipment,True,Misshipment,True,Misshipment,True,Misshipment,True,Misshipment,True,Misshipment,True,True,Misshipment,3
IN26022717200037702095,obd,No Issue,No Issue,No Issue,True,No Issue,True,No Issue,True,No Issue,True,No Issue,True,No Issue,True,No Issue,True,True,No Issue,2
IN26022717213397437772,cx,Misshipment,Misshipment,Misshipment,True,Misshipment,True,Misshipment,True,Misshipment,True,Misshipment,True,Misshipment,True,Misshipment,True,True,Misshipment,4
IN26022717213397437772,obd,No Issue,Misshipment,No Issue,True,No Issue,True,No Issue,True,No Issue,True,No Issue,True,No Issue,True,No Issue,True,True,No Issue,2
IN26022717233658442469,cx,Misshipment,Misshipment,Misshipment,True,Misshipment,True,Misshipment,True,Misshipment,True,Misshipment,True,Misshipment,True,Misshipment,True,True,Misshipment,4
IN26022717233658442469,obd,Can't Say,Misshipment,No Issue,False,No Issue,False,No Issue,False,No Issue,False,No Issue,False,No Issue,False,No Issue,False,True,No Issue,1
IN26022717274725355113,cx,Misshipment,Misshipment,Misshipment,True,Misshipment,True,Misshipment,True,Misshipment,True,Misshipment,True,Misshipment,True,Misshipment,True,True,Misshipment,3
IN26022717274725355113,obd,No Issue,No Issue,No Issue,True,No Issue,True,No Issue,True,No Issue,True,No Issue,True,No Issue,True,No Issue,True,True,No Issue,2
IN26022717292390826359,cx,Misshipment,Misshipment,Misshipment,True,Misshipment,True,Misshipment,True,Misshipment,True,Misshipment,True,Misshipment,True,Misshipment,True,True,Misshipment,3
IN26022717292390826359,obd,Can't Say,Can't Say,No Issue,False,No Issue,False,No Issue,False,No Issue,False,No Issue,False,No Issue,False,No Issue,False,True,No Issue,1
IN26022717333704211445,cx,Can't Say,No Issue,Can't Say,True,Can't Say,True,Can't Say,True,Can't Say,True,Can't Say,True,Can't Say,True,Can't Say,True,True,Can't Say,3
IN26022717333704211445,obd,Can't Say,No Issue,Can't Say,True,Can't Say,True,Can't Say,True,Can't Say,True,Can't Say,True,Can't Say,True,Can't Say,True,True,Can't Say,1
IN26022717360505279834,cx,Misshipment,Misshipment,Misshipment,True,Misshipment,True,Misshipment,True,Misshipment,True,,,Misshipment,True,Misshipment,True,True,Misshipment,3
IN26022717360505279834,obd,Can't Say,Can't Say,Can't Say,True,Can't Say,True,Can't Say,True,Can't Say,True,Can't Say,True,Can't Say,True,Can't Say,True,True,Can't Say,2
IN26022717361899669950,cx,Misshipment,Misshipment,No Issue,False,Misshipment,True,Misshipment,True,Misshipment,True,Misshipment,True,Misshipment,True,No Issue,False,False,Misshipment|No Issue,4
IN26022717361899669950,obd,Can't Say,Can't Say,Can't Say,True,Can't Say,True,Can't Say,True,Can't Say,True,No Issue,False,No Issue,False,Can't Say,True,False,Can't Say|No Issue,1
IN26022717365795654688,cx,Misshipment,No Issue,Misshipment,True,Misshipment,True,Misshipment,True,Misshipment,True,Misshipment,True,Misshipment,True,Misshipment,True,True,Misshipment,4
IN26022717365795654688,obd,Can't Say,No Issue,No Issue,False,No Issue,False,No Issue,False,No Issue,False,No Issue,False,No Issue,False,No Issue,False,True,No Issue,1
IN26022717405470184553,cx,No Issue,Misshipment,No Issue,True,No Issue,True,No Issue,True,No Issue,True,No Issue,True,No Issue,True,No Issue,True,True,No Issue,3
IN26022717405470184553,obd,No Issue,Misshipment,No Issue,True,No Issue,True,No Issue,True,No Issue,True,No Issue,True,No Issue,True,No Issue,True,True,No Issue,2
IN26022717422415185411,cx,Can't Say,Can't Say,No Issue,False,No Issue,False,No Issue,False,No Issue,False,No Issue,False,No Issue,False,No Issue,False,True,No Issue,3
IN26022717422415185411,obd,No Issue,No Issue,No Issue,True,No Issue,True,No Issue,True,No Issue,True,No Issue,True,No Issue,True,No Issue,True,True,No Issue,2
IN26022717430641205063,cx,Misshipment,Misshipment,Misshipment,True,Misshipment,True,Misshipment,True,Misshipment,True,Misshipment,True,Misshipment,True,Misshipment,True,True,Misshipment,3
IN26022717430641205063,obd,Can't Say,Misshipment,Can't Say,True,Can't Say,True,Can't Say,True,Can't Say,True,Can't Say,True,Can't Say,True,Can't Say,True,True,Can't Say,1
IN26022717433889137073,cx,Misshipment,Misshipment,Misshipment,True,Misshipment,True,Misshipment,True,Misshipment,True,Misshipment,True,Misshipment,True,Misshipment,True,True,Misshipment,4
IN26022717433889137073,obd,Can't Say,Can't Say,Can't Say,True,Can't Say,True,Can't Say,True,Can't Say,True,Can't Say,True,Can't Say,True,Can't Say,True,True,Can't Say,2
IN26022717445207150441,cx,No Issue,No Issue,Misshipment,False,Misshipment,False,Misshipment,False,Misshipment,False,Misshipment,False,Misshipment,False,Misshipment,False,True,Misshipment,4
IN26022717445207150441,obd,Can't Say,No Issue,No Issue,False,No Issue,False,No Issue,False,No Issue,False,No Issue,False,No Issue,False,No Issue,False,True,No Issue,1
IN26022717484086129470,cx,Misshipment,Misshipment,Misshipment,True,Misshipment,True,Misshipment,True,Misshipment,True,Misshipment,True,Misshipment,True,Misshipment,True,True,Misshipment,3
IN26022717484086129470,obd,Can't Say,Misshipment,No Issue,False,No Issue,False,No Issue,False,No Issue,False,No Issue,False,No Issue,False,No Issue,False,True,No Issue,1
IN26022717520282460024,cx,Can't Say,No Issue,No Issue,False,Misshipment,False,No Issue,False,No Issue,False,No Issue,False,Misshipment,False,Misshipment,False,False,Misshipment|No Issue,3
IN26022717520282460024,obd,No Issue,No Issue,No Issue,True,No Issue,True,No Issue,True,No Issue,True,No Issue,True,No Issue,True,No Issue,True,True,No Issue,2
IN26022717535352757392,cx,Can't Say,No Issue,Can't Say,True,Can't Say,True,Can't Say,True,Can't Say,True,Can't Say,True,Can't Say,True,Can't Say,True,True,Can't Say,4
IN26022717535352757392,obd,Misshipment,No Issue,Can't Say,False,Can't Say,False,Can't Say,False,Can't Say,False,Can't Say,False,Can't Say,False,Can't Say,False,True,Can't Say,2
IN26022718004525413640,cx,Misshipment,Misshipment,Misshipment,True,Misshipment,True,Misshipment,True,Misshipment,True,Misshipment,True,Misshipment,True,Misshipment,True,True,Misshipment,3
IN26022718004525413640,obd,Can't Say,No Issue,No Issue,False,No Issue,False,No Issue,False,No Issue,False,No Issue,False,No Issue,False,No Issue,False,True,No Issue,1
IN26022718015127187646,cx,Misshipment,Misshipment,Misshipment,True,Misshipment,True,Misshipment,True,Misshipment,True,Misshipment,True,Misshipment,True,Misshipment,True,True,Misshipment,3
IN26022718015127187646,obd,Can't Say,Misshipment,No Issue,False,No Issue,False,No Issue,False,No Issue,False,No Issue,False,No Issue,False,No Issue,False,True,No Issue,1
IN26022718024561818212,cx,Misshipment,Misshipment,Misshipment,True,Misshipment,True,Misshipment,True,Misshipment,True,Misshipment,True,Misshipment,True,Misshipment,True,True,Misshipment,4
IN26022718024561818212,obd,Can't Say,Can't Say,Can't Say,True,Can't Say,True,Can't Say,True,Can't Say,True,Can't Say,True,Can't Say,True,Can't Say,True,True,Can't Say,2
IN26022718100745307367,cx,No Issue,No Issue,No Issue,True,No Issue,True,No Issue,True,No Issue,True,No Issue,True,No Issue,True,No Issue,True,True,No Issue,4
IN26022718100745307367,obd,No Issue,No Issue,Minor Missing,False,Multiple Issue,False,Minor Missing,False,Multiple Issue,False,Multiple Issue,False,Minor Missing,False,Multiple Issue,False,False,Minor Missing|Multiple Issue,2
IN26022718144932203164,cx,Can't Say,Can't Say,No Issue,False,No Issue,False,No Issue,False,No Issue,False,No Issue,False,No Issue,False,No Issue,False,True,No Issue,3
IN26022718144932203164,obd,Can't Say,Can't Say,Can't Say,True,Can't Say,True,Can't Say,True,Can't Say,True,Can't Say,True,Can't Say,True,Can't Say,True,True,Can't Say,2
IN26022718155361145848,cx,No Issue,No Issue,Misshipment,False,Misshipment,False,Misshipment,False,Misshipment,False,Misshipment,False,Misshipment,False,Misshipment,False,True,Misshipment,3
IN26022718155361145848,obd,Can't Say,No Issue,No Issue,False,Can't Say,True,Can't Say,True,Can't Say,True,No Issue,False,Can't Say,True,Can't Say,True,False,Can't Say|No Issue,1
IN26022718163552299478,cx,Misshipment,Misshipment,Misshipment,True,Misshipment,True,Misshipment,True,Misshipment,True,Misshipment,True,Misshipment,True,Misshipment,True,True,Misshipment,3
IN26022718163552299478,obd,Misshipment,Misshipment,Misshipment,True,Misshipment,True,Misshipment,True,Misshipment,True,Misshipment,True,Misshipment,True,Misshipment,True,True,Misshipment,2
IN26022718180180013545,cx,Can't Say,No Issue,Can't Say,True,Can't Say,True,Can't Say,True,Can't Say,True,Can't Say,True,Can't Say,True,Can't Say,True,True,Can't Say,3
IN26022718180180013545,obd,No Issue,No Issue,No Issue,True,No Issue,True,No Issue,True,No Issue,True,No Issue,True,No Issue,True,No Issue,True,True,No Issue,2
IN26022718192328503715,cx,Misshipment,Misshipment,Misshipment,True,Misshipment,True,Misshipment,True,Misshipment,True,Misshipment,True,Misshipment,True,Misshipment,True,True,Misshipment,3
IN26022718192328503715,obd,Can't Say,Misshipment,No Issue,False,No Issue,False,No Issue,False,No Issue,False,No Issue,False,No Issue,False,No Issue,False,True,No Issue,1
IN26022718213919354713,cx,Misshipment,Misshipment,Misshipment,True,Misshipment,True,Misshipment,True,Misshipment,True,Misshipment,True,Misshipment,True,Misshipment,True,True,Misshipment,3
IN26022718213919354713,obd,Can't Say,Misshipment,Can't Say,True,Can't Say,True,Can't Say,True,Can't Say,True,Can't Say,True,Can't Say,True,Can't Say,True,True,Can't Say,1
IN26022718254496525440,cx,Can't Say,Can't Say,Can't Say,True,Can't Say,True,Can't Say,True,Can't Say,True,Can't Say,True,Can't Say,True,Can't Say,True,True,Can't Say,4
IN26022718254496525440,obd,Can't Say,No Issue,Can't Say,True,Can't Say,True,Can't Say,True,Can't Say,True,Can't Say,True,Can't Say,True,Can't Say,True,True,Can't Say,1
IN26022718275570965649,cx,No Issue,No Issue,No Issue,True,No Issue,True,No Issue,True,No Issue,True,No Issue,True,No Issue,True,No Issue,True,True,No Issue,3
IN26022718275570965649,obd,Misshipment,No Issue,Can't Say,False,Can't Say,False,Can't Say,False,Can't Say,False,Can't Say,False,Can't Say,False,Can't Say,False,True,Can't Say,2
IN26022718305167344053,cx,Misshipment,Misshipment,Misshipment,True,Misshipment,True,Misshipment,True,Misshipment,True,Misshipment,True,Misshipment,True,Misshipment,True,True,Misshipment,3
IN26022718305167344053,obd,Misshipment,Misshipment,No Issue,False,No Issue,False,No Issue,False,No Issue,False,No Issue,False,No Issue,False,No Issue,False,True,No Issue,2
IN26022718313104439034,cx,No Issue,Misshipment,Misshipment,False,Misshipment,False,Misshipment,False,Misshipment,False,Misshipment,False,Misshipment,False,Misshipment,False,True,Misshipment,3
IN26022718313104439034,obd,Can't Say,Can't Say,No Issue,False,No Issue,False,No Issue,False,No Issue,False,No Issue,False,No Issue,False,No Issue,False,True,No Issue,1
IN26022718361466325512,cx,Can't Say,Can't Say,Can't Say,True,Can't Say,True,Can't Say,True,Can't Say,True,Can't Say,True,Can't Say,True,Can't Say,True,True,Can't Say,3
IN26022718361466325512,obd,Can't Say,Can't Say,Can't Say,True,Can't Say,True,Can't Say,True,Can't Say,True,Can't Say,True,Can't Say,True,Can't Say,True,True,Can't Say,2
IN26022718364049019689,cx,Misshipment,Misshipment,Misshipment,True,Misshipment,True,Misshipment,True,Misshipment,True,Misshipment,True,Misshipment,True,Misshipment,True,True,Misshipment,4
IN26022718364049019689,obd,Can't Say,Misshipment,,,,,,,,,,,,,,,,,1
IN26022718422170171551,cx,Misshipment,Misshipment,Misshipment,True,Misshipment,True,Misshipment,True,Misshipment,True,Misshipment,True,Misshipment,True,Misshipment,True,True,Misshipment,4
IN26022718422170171551,obd,Misshipment,Misshipment,Misshipment,True,Misshipment,True,Misshipment,True,Misshipment,True,Misshipment,True,Misshipment,True,Misshipment,True,True,Misshipment,2
IN26022718435259183104,cx,Misshipment,Misshipment,Misshipment,True,Misshipment,True,Misshipment,True,Misshipment,True,Misshipment,True,Misshipment,True,Misshipment,True,True,Misshipment,3
IN26022718435259183104,obd,Can't Say,Misshipment,Can't Say,True,Can't Say,True,Can't Say,True,No Issue,False,No Issue,False,No Issue,False,No Issue,False,False,Can't Say|No Issue,1
IN26022718453512633505,cx,Misshipment,Misshipment,Misshipment,True,Misshipment,True,Misshipment,True,Misshipment,True,Misshipment,True,Misshipment,True,Misshipment,True,True,Misshipment,3
IN26022718453512633505,obd,Can't Say,Can't Say,Can't Say,True,Can't Say,True,Can't Say,True,Can't Say,True,Can't Say,True,Can't Say,True,Can't Say,True,True,Can't Say,2
IN26022718545727558153,cx,No Issue,No Issue,No Issue,True,No Issue,True,No Issue,True,No Issue,True,No Issue,True,No Issue,True,No Issue,True,True,No Issue,4
IN26022718545727558153,obd,Can't Say,Misshipment,Can't Say,True,Can't Say,True,Can't Say,True,Can't Say,True,Can't Say,True,Can't Say,True,Can't Say,True,True,Can't Say,1
IN26022719003574032882,cx,Misshipment,Misshipment,Misshipment,True,Misshipment,True,Misshipment,True,Misshipment,True,Misshipment,True,Misshipment,True,Misshipment,True,True,Misshipment,3
IN26022719003574032882,obd,Can't Say,Misshipment,No Issue,False,No Issue,False,No Issue,False,No Issue,False,No Issue,False,No Issue,False,No Issue,False,True,No Issue,1
IN26022719073024425328,cx,Can't Say,Misshipment,Can't Say,True,Can't Say,True,Can't Say,True,Can't Say,True,Can't Say,True,Can't Say,True,Can't Say,True,True,Can't Say,3
IN26022719073024425328,obd,Misshipment,Misshipment,Misshipment,True,Misshipment,True,Misshipment,True,Misshipment,True,Misshipment,True,Misshipment,True,Misshipment,True,True,Misshipment,2
IN26022719144405917208,cx,Can't Say,Can't Say,Can't Say,True,Can't Say,True,Can't Say,True,Can't Say,True,Can't Say,True,Can't Say,True,Can't Say,True,True,Can't Say,4
IN26022719144405917208,obd,Can't Say,Can't Say,Can't Say,True,Can't Say,True,Can't Say,True,Can't Say,True,Can't Say,True,Can't Say,True,Can't Say,True,True,Can't Say,2
IN26022719211514768954,cx,Misshipment,Misshipment,Misshipment,True,Misshipment,True,Misshipment,True,Misshipment,True,Misshipment,True,Misshipment,True,Misshipment,True,True,Misshipment,3
IN26022719211514768954,obd,Misshipment,Misshipment,Misshipment,True,Misshipment,True,Misshipment,True,Misshipment,True,Misshipment,True,Misshipment,True,Misshipment,True,True,Misshipment,2
IN26022719252996503575,cx,Misshipment,Misshipment,Misshipment,True,Misshipment,True,Misshipment,True,Misshipment,True,Misshipment,True,Misshipment,True,Misshipment,True,True,Misshipment,4
IN26022719252996503575,obd,Can't Say,Can't Say,Can't Say,True,Can't Say,True,Can't Say,True,Can't Say,True,Can't Say,True,Can't Say,True,Can't Say,True,True,Can't Say,2
IN26022719313388747314,cx,Misshipment,Misshipment,Misshipment,True,Misshipment,True,Misshipment,True,Misshipment,True,Misshipment,True,Misshipment,True,Misshipment,True,True,Misshipment,3
IN26022719313388747314,obd,Misshipment,No Issue,Misshipment,True,Misshipment,True,Misshipment,True,Misshipment,True,Misshipment,True,Misshipment,True,Misshipment,True,True,Misshipment,2
IN26022719345675621772,cx,Minor Missing,Misshipment,No Issue,False,Multiple Issue,False,No Issue,False,Multiple Issue,False,No Issue,False,No Issue,False,No Issue,False,False,Multiple Issue|No Issue,3
IN26022719345675621772,obd,Misshipment,Misshipment,No Issue,False,No Issue,False,No Issue,False,No Issue,False,No Issue,False,No Issue,False,No Issue,False,True,No Issue,2
IN26022719352838077554,cx,No Issue,Misshipment,No Issue,True,No Issue,True,No Issue,True,No Issue,True,No Issue,True,No Issue,True,No Issue,True,True,No Issue,3
IN26022719352838077554,obd,Can't Say,Misshipment,No Issue,False,No Issue,False,No Issue,False,No Issue,False,No Issue,False,No Issue,False,No Issue,False,True,No Issue,1
IN26022719405493102016,cx,Misshipment,Misshipment,Misshipment,True,Misshipment,True,Misshipment,True,Misshipment,True,Misshipment,True,Misshipment,True,Misshipment,True,True,Misshipment,4
IN26022719405493102016,obd,Misshipment,No Issue,No Issue,False,No Issue,False,No Issue,False,No Issue,False,No Issue,False,No Issue,False,No Issue,False,True,No Issue,2
IN26022719455675153462,cx,Can't Say,Can't Say,Can't Say,True,Can't Say,True,Can't Say,True,Can't Say,True,Can't Say,True,Can't Say,True,Can't Say,True,True,Can't Say,3
IN26022719455675153462,obd,Can't Say,Can't Say,Can't Say,True,Can't Say,True,Can't Say,True,Can't Say,True,Can't Say,True,Can't Say,True,Can't Say,True,True,Can't Say,2
IN26022719464184567450,cx,Misshipment,Misshipment,Misshipment,True,Misshipment,True,Misshipment,True,Misshipment,True,Misshipment,True,Misshipment,True,Misshipment,True,True,Misshipment,4
IN26022719464184567450,obd,Can't Say,Can't Say,Can't Say,True,Can't Say,True,Can't Say,True,Can't Say,True,Can't Say,True,Can't Say,True,Can't Say,True,True,Can't Say,2
IN26022719550720004456,cx,Multiple Issue,Misshipment,Misshipment,False,Misshipment,False,Misshipment,False,Misshipment,False,Misshipment,False,Misshipment,False,Misshipment,False,True,Misshipment,3
IN26022719550720004456,obd,No Issue,Misshipment,No Issue,True,No Issue,True,No Issue,True,,,No Issue,True,No Issue,True,No Issue,True,True,No Issue,2
IN26022719552962700122,cx,Misshipment,Misshipment,Misshipment,True,Misshipment,True,Misshipment,True,Misshipment,True,Misshipment,True,Misshipment,True,Misshipment,True,True,Misshipment,4
IN26022719552962700122,obd,Can't Say,Can't Say,Can't Say,True,Can't Say,True,Can't Say,True,Can't Say,True,Can't Say,True,Can't Say,True,Can't Say,True,True,Can't Say,2
IN26022719593065626200,cx,Can't Say,Misshipment,Misshipment,False,Misshipment,False,Misshipment,False,Misshipment,False,Misshipment,False,Misshipment,False,Misshipment,False,True,Misshipment,4
IN26022719593065626200,obd,Can't Say,Misshipment,No Issue,False,No Issue,False,No Issue,False,No Issue,False,No Issue,False,No Issue,False,No Issue,False,True,No Issue,1
IN26022720000925272703,cx,Misshipment,Misshipment,Misshipment,True,Misshipment,True,Misshipment,True,Misshipment,True,,,Misshipment,True,Misshipment,True,True,Misshipment,3
IN26022720000925272703,obd,Misshipment,Misshipment,Misshipment,True,Misshipment,True,Misshipment,True,Misshipment,True,Misshipment,True,Misshipment,True,Misshipment,True,True,Misshipment,2
IN26022720011442341972,cx,Minor Missing,No Issue,Minor Missing,True,Minor Missing,True,Minor Missing,True,Minor Missing,True,Minor Missing,True,Minor Missing,True,Minor Missing,True,True,Minor Missing,3
IN26022720011442341972,obd,Can't Say,Can't Say,Can't Say,True,Can't Say,True,Can't Say,True,Can't Say,True,Can't Say,True,Can't Say,True,Can't Say,True,True,Can't Say,1
IN26022720033942582553,cx,No Issue,Misshipment,Misshipment,False,Misshipment,False,Misshipment,False,Misshipment,False,Misshipment,False,Misshipment,False,Misshipment,False,True,Misshipment,4
IN26022720033942582553,obd,Can't Say,Misshipment,No Issue,False,No Issue,False,No Issue,False,No Issue,False,No Issue,False,No Issue,False,No Issue,False,True,No Issue,1
IN26022720074297557475,cx,No Issue,Minor Damage,No Issue,True,No Issue,True,No Issue,True,No Issue,True,No Issue,True,No Issue,True,No Issue,True,True,No Issue,3
IN26022720074297557475,obd,No Issue,No Issue,No Issue,True,No Issue,True,No Issue,True,No Issue,True,No Issue,True,No Issue,True,No Issue,True,True,No Issue,2
IN26022720082443790606,cx,Can't Say,No Issue,Misshipment,False,Misshipment,False,Misshipment,False,Misshipment,False,Misshipment,False,Misshipment,False,Misshipment,False,True,Misshipment,4
IN26022720082443790606,obd,Can't Say,No Issue,Can't Say,True,Can't Say,True,Can't Say,True,Can't Say,True,Can't Say,True,Can't Say,True,Can't Say,True,True,Can't Say,1
IN26022720165510838806,cx,Misshipment,Misshipment,Misshipment,True,Misshipment,True,Misshipment,True,Misshipment,True,Misshipment,True,Misshipment,True,Misshipment,True,True,Misshipment,3
IN26022720165510838806,obd,Misshipment,Misshipment,No Issue,False,No Issue,False,No Issue,False,No Issue,False,No Issue,False,No Issue,False,No Issue,False,True,No Issue,2
IN26022720244654740595,cx,No Issue,No Issue,No Issue,True,No Issue,True,No Issue,True,No Issue,True,No Issue,True,No Issue,True,No Issue,True,True,No Issue,4
IN26022720244654740595,obd,Can't Say,No Issue,Can't Say,True,Can't Say,True,Can't Say,True,Can't Say,True,Can't Say,True,Can't Say,True,Can't Say,True,True,Can't Say,1
IN26022720250946402688,cx,No Issue,No Issue,Misshipment,False,Misshipment,False,Misshipment,False,Misshipment,False,Misshipment,False,Misshipment,False,Misshipment,False,True,Misshipment,3
IN26022720250946402688,obd,Can't Say,Can't Say,No Issue,False,No Issue,False,No Issue,False,No Issue,False,No Issue,False,No Issue,False,No Issue,False,True,No Issue,2
IN26022720264684082108,cx,Misshipment,Misshipment,Misshipment,True,Misshipment,True,Misshipment,True,Misshipment,True,Misshipment,True,Misshipment,True,Misshipment,True,True,Misshipment,3
IN26022720264684082108,obd,Misshipment,Misshipment,Misshipment,True,Misshipment,True,Misshipment,True,Misshipment,True,Misshipment,True,Misshipment,True,Misshipment,True,True,Misshipment,2
IN26022720282612194354,cx,Misshipment,Misshipment,Misshipment,True,Misshipment,True,Misshipment,True,Misshipment,True,Misshipment,True,Misshipment,True,Misshipment,True,True,Misshipment,4
IN26022720282612194354,obd,Misshipment,Misshipment,Misshipment,True,Misshipment,True,Misshipment,True,Misshipment,True,Misshipment,True,Misshipment,True,Misshipment,True,True,Misshipment,2
IN26022720350052165424,cx,Can't Say,No Issue,Can't Say,True,Can't Say,True,Can't Say,True,Can't Say,True,Can't Say,True,Can't Say,True,Can't Say,True,True,Can't Say,3
IN26022720350052165424,obd,Can't Say,No Issue,No Issue,False,No Issue,False,No Issue,False,No Issue,False,No Issue,False,No Issue,False,No Issue,False,True,No Issue,1
IN26022720462834342960,cx,Misshipment,Misshipment,Misshipment,True,Misshipment,True,Misshipment,True,Misshipment,True,Misshipment,True,Misshipment,True,Misshipment,True,True,Misshipment,4
IN26022720462834342960,obd,Can't Say,Misshipment,No Issue,False,No Issue,False,No Issue,False,No Issue,False,Can't Say,True,No Issue,False,No Issue,False,False,Can't Say|No Issue,1
IN26022720480223428399,cx,Misshipment,Misshipment,Misshipment,True,Misshipment,True,Misshipment,True,Misshipment,True,Misshipment,True,Misshipment,True,Misshipment,True,True,Misshipment,3
IN26022720480223428399,obd,No Issue,Misshipment,Misshipment,False,Misshipment,False,Misshipment,False,Misshipment,False,Misshipment,False,Misshipment,False,Misshipment,False,True,Misshipment,2
IN26022720512403185778,cx,No Issue,No Issue,No Issue,True,No Issue,True,No Issue,True,No Issue,True,No Issue,True,No Issue,True,No Issue,True,True,No Issue,4
IN26022720512403185778,obd,Misshipment,Misshipment,Misshipment,True,Misshipment,True,Misshipment,True,Misshipment,True,Misshipment,True,Misshipment,True,Misshipment,True,True,Misshipment,2
IN26022720574156682700,cx,Misshipment,Can't Say,Misshipment,True,Misshipment,True,Misshipment,True,Misshipment,True,Misshipment,True,Misshipment,True,Misshipment,True,True,Misshipment,3
IN26022720574156682700,obd,Misshipment,No Issue,Misshipment,True,Misshipment,True,Misshipment,True,Misshipment,True,Misshipment,True,Misshipment,True,Misshipment,True,True,Misshipment,2
IN26022721000268728048,cx,Misshipment,Misshipment,Misshipment,True,Misshipment,True,Misshipment,True,Misshipment,True,Misshipment,True,Misshipment,True,Misshipment,True,True,Misshipment,4
IN26022721000268728048,obd,Can't Say,Misshipment,No Issue,False,No Issue,False,No Issue,False,No Issue,False,No Issue,False,No Issue,False,No Issue,False,True,No Issue,1
IN26022721122984154181,cx,Misshipment,No Issue,No Issue,False,No Issue,False,No Issue,False,No Issue,False,No Issue,False,No Issue,False,No Issue,False,True,No Issue,4
IN26022721122984154181,obd,Can't Say,Can't Say,Can't Say,True,Can't Say,True,Can't Say,True,Can't Say,True,Can't Say,True,Can't Say,True,Can't Say,True,True,Can't Say,2
IN26022721125372820440,cx,No Issue,No Issue,No Issue,True,No Issue,True,No Issue,True,No Issue,True,No Issue,True,No Issue,True,No Issue,True,True,No Issue,3
IN26022721125372820440,obd,Can't Say,No Issue,Can't Say,True,Can't Say,True,Can't Say,True,Can't Say,True,Can't Say,True,Can't Say,True,Can't Say,True,True,Can't Say,1
IN26022721132780867886,cx,Can't Say,Can't Say,Can't Say,True,Can't Say,True,Can't Say,True,Can't Say,True,Can't Say,True,Can't Say,True,Can't Say,True,True,Can't Say,3
IN26022721132780867886,obd,Can't Say,Can't Say,Can't Say,True,Can't Say,True,Can't Say,True,Can't Say,True,Can't Say,True,Can't Say,True,Can't Say,True,True,Can't Say,2
IN26022721220708306395,cx,Minor Missing,No Issue,Minor Missing,True,Minor Missing,True,Minor Missing,True,Minor Missing,True,Minor Missing,True,Minor Missing,True,Minor Missing,True,True,Minor Missing,3
IN26022721220708306395,obd,No Issue,Misshipment,No Issue,True,No Issue,True,No Issue,True,No Issue,True,No Issue,True,No Issue,True,No Issue,True,True,No Issue,2
IN26022721224637461927,cx,Can't Say,Can't Say,No Issue,False,No Issue,False,No Issue,False,No Issue,False,No Issue,False,No Issue,False,No Issue,False,True,No Issue,3
IN26022721224637461927,obd,No Issue,No Issue,No Issue,True,No Issue,True,No Issue,True,No Issue,True,No Issue,True,No Issue,True,No Issue,True,True,No Issue,2
IN26022721243757265771,cx,Misshipment,Misshipment,Misshipment,True,Misshipment,True,Misshipment,True,Misshipment,True,Misshipment,True,Misshipment,True,Misshipment,True,True,Misshipment,3
IN26022721243757265771,obd,No Issue,No Issue,No Issue,True,No Issue,True,No Issue,True,No Issue,True,No Issue,True,No Issue,True,No Issue,True,True,No Issue,2
IN26022721250453904538,cx,Misshipment,Misshipment,Misshipment,True,Misshipment,True,Misshipment,True,Misshipment,True,Misshipment,True,Misshipment,True,Misshipment,True,True,Misshipment,4
IN26022721250453904538,obd,Misshipment,Misshipment,Misshipment,True,Misshipment,True,Misshipment,True,Misshipment,True,Misshipment,True,Misshipment,True,Misshipment,True,True,Misshipment,2
IN26022721253396048936,cx,Misshipment,No Issue,No Issue,False,No Issue,False,No Issue,False,No Issue,False,No Issue,False,No Issue,False,No Issue,False,True,No Issue,3
IN26022721253396048936,obd,Can't Say,Can't Say,Can't Say,True,Can't Say,True,Can't Say,True,Can't Say,True,Can't Say,True,Can't Say,True,Can't Say,True,True,Can't Say,1
IN26022721293961951900,cx,Misshipment,Misshipment,Misshipment,True,Misshipment,True,Misshipment,True,Misshipment,True,Misshipment,True,Misshipment,True,Misshipment,True,True,Misshipment,3
IN26022721293961951900,obd,No Issue,No Issue,No Issue,True,No Issue,True,No Issue,True,No Issue,True,No Issue,True,No Issue,True,No Issue,True,True,No Issue,2
IN26022721313332691060,cx,Can't Say,Can't Say,Can't Say,True,Can't Say,True,Can't Say,True,Can't Say,True,Can't Say,True,Can't Say,True,Can't Say,True,True,Can't Say,3
IN26022721313332691060,obd,Can't Say,Can't Say,Can't Say,True,Can't Say,True,Can't Say,True,Can't Say,True,Can't Say,True,Can't Say,True,Can't Say,True,True,Can't Say,2
IN26022721314891724587,cx,Misshipment,Misshipment,Misshipment,True,Misshipment,True,Misshipment,True,Misshipment,True,Misshipment,True,Misshipment,True,Misshipment,True,True,Misshipment,4
IN26022721314891724587,obd,Can't Say,Can't Say,Can't Say,True,Can't Say,True,Can't Say,True,Can't Say,True,Can't Say,True,Can't Say,True,Can't Say,True,True,Can't Say,2
IN26022721415367453866,cx,No Issue,Misshipment,Misshipment,False,Misshipment,False,Misshipment,False,Misshipment,False,Misshipment,False,Misshipment,False,Misshipment,False,True,Misshipment,4
IN26022721415367453866,obd,Can't Say,Can't Say,No Issue,False,No Issue,False,No Issue,False,No Issue,False,No Issue,False,No Issue,False,No Issue,False,True,No Issue,1
IN26022721452358638764,cx,Can't Say,Can't Say,Misshipment,False,Misshipment,False,Misshipment,False,Misshipment,False,Misshipment,False,Misshipment,False,Misshipment,False,True,Misshipment,3
IN26022721452358638764,obd,No Issue,No Issue,No Issue,True,No Issue,True,No Issue,True,No Issue,True,No Issue,True,No Issue,True,No Issue,True,True,No Issue,2
IN26022721472257674550,cx,Can't Say,Can't Say,No Issue,False,No Issue,False,No Issue,False,No Issue,False,No Issue,False,No Issue,False,No Issue,False,True,No Issue,4
IN26022721472257674550,obd,No Issue,Misshipment,No Issue,True,No Issue,True,No Issue,True,No Issue,True,No Issue,True,No Issue,True,No Issue,True,True,No Issue,2
IN26022721543106999724,cx,Misshipment,Misshipment,Misshipment,True,Misshipment,True,Misshipment,True,Misshipment,True,Misshipment,True,Misshipment,True,Misshipment,True,True,Misshipment,3
IN26022721543106999724,obd,Misshipment,Misshipment,Misshipment,True,Misshipment,True,Misshipment,True,Misshipment,True,Misshipment,True,Misshipment,True,Misshipment,True,True,Misshipment,2
IN26022721550345225279,cx,No Issue,No Issue,Misshipment,False,Misshipment,False,Misshipment,False,Misshipment,False,Misshipment,False,Misshipment,False,Misshipment,False,True,Misshipment,3
IN26022721550345225279,obd,Misshipment,No Issue,No Issue,False,No Issue,False,No Issue,False,No Issue,False,No Issue,False,No Issue,False,No Issue,False,True,No Issue,2
IN26022721552387527617,cx,Misshipment,Misshipment,Misshipment,True,Misshipment,True,Misshipment,True,Misshipment,True,Misshipment,True,Misshipment,True,Misshipment,True,True,Misshipment,3
IN26022721552387527617,obd,Misshipment,Misshipment,Minor Missing,False,Minor Missing,False,Minor Missing,False,Minor Missing,False,Minor Missing,False,Minor Missing,False,Minor Missing,False,True,Minor Missing,2
IN26022721561800389876,cx,Multiple Issue,No Issue,Misshipment,False,Misshipment,False,Misshipment,False,Misshipment,False,Misshipment,False,Misshipment,False,Misshipment,False,True,Misshipment,4
IN26022721561800389876,obd,Can't Say,No Issue,Minor Missing,False,Minor Missing,False,Minor Missing,False,Minor Missing,False,Minor Missing,False,Minor Missing,False,Minor Missing,False,True,Minor Missing,2
IN26022722095253974779,cx,Can't Say,Misshipment,Can't Say,True,Can't Say,True,Can't Say,True,Can't Say,True,Can't Say,True,Can't Say,True,Can't Say,True,True,Can't Say,3
IN26022722095253974779,obd,Can't Say,Misshipment,Can't Say,True,Can't Say,True,Can't Say,True,Can't Say,True,Can't Say,True,Can't Say,True,Can't Say,True,True,Can't Say,1
IN26022722110847775517,cx,Can't Say,Can't Say,Can't Say,True,Can't Say,True,Can't Say,True,Can't Say,True,Can't Say,True,Can't Say,True,Can't Say,True,True,Can't Say,3
IN26022722110847775517,obd,Can't Say,Can't Say,Can't Say,True,Can't Say,True,Can't Say,True,Can't Say,True,Can't Say,True,Can't Say,True,Can't Say,True,True,Can't Say,2
IN26022722250513634916,cx,No Issue,No Issue,No Issue,True,No Issue,True,No Issue,True,No Issue,True,No Issue,True,No Issue,True,No Issue,True,True,No Issue,4
IN26022722250513634916,obd,No Issue,No Issue,Misshipment,False,Misshipment,False,Misshipment,False,Misshipment,False,Misshipment,False,Misshipment,False,Misshipment,False,True,Misshipment,2
IN26022722292724449257,cx,No Issue,No Issue,No Issue,True,No Issue,True,No Issue,True,No Issue,True,No Issue,True,No Issue,True,No Issue,True,True,No Issue,4
IN26022722292724449257,obd,No Issue,No Issue,No Issue,True,No Issue,True,No Issue,True,No Issue,True,No Issue,True,No Issue,True,No Issue,True,True,No Issue,2
IN26022722310931237652,cx,Misshipment,No Issue,No Issue,False,No Issue,False,No Issue,False,No Issue,False,No Issue,False,No Issue,False,No Issue,False,True,No Issue,3
IN26022722310931237652,obd,Can't Say,No Issue,Misshipment,False,Misshipment,False,Misshipment,False,Misshipment,False,Misshipment,False,Misshipment,False,Misshipment,False,True,Misshipment,2
IN26022722332825335101,cx,Misshipment,Misshipment,Misshipment,True,Misshipment,True,Misshipment,True,Misshipment,True,Misshipment,True,Misshipment,True,Misshipment,True,True,Misshipment,3
IN26022722332825335101,obd,Can't Say,Can't Say,Can't Say,True,Can't Say,True,Can't Say,True,Can't Say,True,Can't Say,True,Can't Say,True,Can't Say,True,True,Can't Say,2
IN26022722341906851402,cx,No Issue,No Issue,No Issue,True,No Issue,True,No Issue,True,No Issue,True,No Issue,True,No Issue,True,No Issue,True,True,No Issue,3
IN26022722341906851402,obd,Can't Say,Can't Say,Can't Say,True,Can't Say,True,Can't Say,True,Can't Say,True,Can't Say,True,Can't Say,True,Can't Say,True,True,Can't Say,2
IN26022722430362804003,cx,No Issue,Misshipment,No Issue,True,No Issue,True,No Issue,True,No Issue,True,No Issue,True,No Issue,True,No Issue,True,True,No Issue,3
IN26022722430362804003,obd,No Issue,Misshipment,No Issue,True,No Issue,True,No Issue,True,No Issue,True,No Issue,True,No Issue,True,No Issue,True,True,No Issue,2
IN26022722520733534611,cx,Misshipment,Misshipment,Misshipment,True,Misshipment,True,Misshipment,True,Misshipment,True,Misshipment,True,Misshipment,True,Misshipment,True,True,Misshipment,4
IN26022722520733534611,obd,Can't Say,Can't Say,Can't Say,True,Can't Say,True,Can't Say,True,Can't Say,True,Can't Say,True,Can't Say,True,Can't Say,True,True,Can't Say,2
IN26022722574284300670,cx,Misshipment,Misshipment,Misshipment,True,Misshipment,True,Misshipment,True,Misshipment,True,Misshipment,True,Misshipment,True,Misshipment,True,True,Misshipment,3
IN26022722574284300670,obd,No Issue,No Issue,Can't Say,False,Can't Say,False,Can't Say,False,No Issue,True,No Issue,True,No Issue,True,Can't Say,False,False,Can't Say|No Issue,2
IN26022723042506734384,cx,Misshipment,Misshipment,Misshipment,True,Misshipment,True,Misshipment,True,Misshipment,True,Misshipment,True,Misshipment,True,Misshipment,True,True,Misshipment,4
IN26022723042506734384,obd,Misshipment,No Issue,Misshipment,True,Misshipment,True,Misshipment,True,Misshipment,True,Misshipment,True,Misshipment,True,Misshipment,True,True,Misshipment,2
IN26022723301483264045,cx,Misshipment,Misshipment,Misshipment,True,Misshipment,True,Misshipment,True,Misshipment,True,Misshipment,True,Misshipment,True,Misshipment,True,True,Misshipment,4
IN26022723301483264045,obd,Can't Say,Can't Say,Can't Say,True,Can't Say,True,Can't Say,True,Can't Say,True,Can't Say,True,Can't Say,True,Can't Say,True,True,Can't Say,2
IN26022723312501499863,cx,Minor Damage,Minor Damage,Major Damage,False,Major Damage,False,Major Damage,False,Major Damage,False,Major Damage,False,Major Damage,False,Major Damage,False,True,Major Damage,3
IN26022723312501499863,obd,Can't Say,Can't Say,Can't Say,True,Can't Say,True,Can't Say,True,Can't Say,True,Can't Say,True,Can't Say,True,Can't Say,True,True,Can't Say,2
IN26022800134161144129,cx,No Issue,No Issue,No Issue,True,No Issue,True,No Issue,True,No Issue,True,No Issue,True,No Issue,True,No Issue,True,True,No Issue,4
IN26022800134161144129,obd,Can't Say,No Issue,No Issue,False,No Issue,False,No Issue,False,No Issue,False,No Issue,False,No Issue,False,No Issue,False,True,No Issue,2
IN26022800292812718453,cx,Misshipment,Misshipment,Misshipment,True,Misshipment,True,Misshipment,True,Misshipment,True,Misshipment,True,Misshipment,True,Misshipment,True,True,Misshipment,3
IN26022800292812718453,obd,Can't Say,Can't Say,Can't Say,True,Can't Say,True,Can't Say,True,Can't Say,True,Can't Say,True,Can't Say,True,Can't Say,True,True,Can't Say,2
IN26022800325094731140,cx,No Issue,No Issue,No Issue,True,No Issue,True,No Issue,True,No Issue,True,No Issue,True,No Issue,True,No Issue,True,True,No Issue,3
IN26022800325094731140,obd,No Issue,No Issue,No Issue,True,No Issue,True,No Issue,True,No Issue,True,No Issue,True,No Issue,True,No Issue,True,True,No Issue,2
IN26022800523711077528,cx,Misshipment,No Issue,Misshipment,True,Misshipment,True,Misshipment,True,Misshipment,True,Misshipment,True,Misshipment,True,Misshipment,True,True,Misshipment,4
IN26022800523711077528,obd,Can't Say,Can't Say,Can't Say,True,Can't Say,True,Can't Say,True,Can't Say,True,Can't Say,True,Can't Say,True,Can't Say,True,True,Can't Say,2
IN26022801131536764168,cx,Misshipment,Misshipment,No Issue,False,No Issue,False,No Issue,False,No Issue,False,No Issue,False,No Issue,False,No Issue,False,True,No Issue,4
IN26022801131536764168,obd,No Issue,No Issue,No Issue,True,No Issue,True,No Issue,True,No Issue,True,No Issue,True,No Issue,True,No Issue,True,True,No Issue,2
IN26022805154745450524,cx,Misshipment,Misshipment,Misshipment,True,Misshipment,True,Misshipment,True,Misshipment,True,Misshipment,True,Misshipment,True,Misshipment,True,True,Misshipment,3
IN26022805154745450524,obd,Can't Say,No Issue,No Issue,False,No Issue,False,No Issue,False,No Issue,False,No Issue,False,No Issue,False,No Issue,False,True,No Issue,2
IN26022805344056962464,cx,Misshipment,Misshipment,Misshipment,True,Misshipment,True,Misshipment,True,Misshipment,True,Misshipment,True,Misshipment,True,Misshipment,True,True,Misshipment,4
IN26022805344056962464,obd,Can't Say,Can't Say,Can't Say,True,Can't Say,True,Can't Say,True,Can't Say,True,Can't Say,True,Can't Say,True,Can't Say,True,True,Can't Say,2
IN26022805344366549131,cx,Misshipment,Can't Say,Misshipment,True,Misshipment,True,Misshipment,True,Misshipment,True,Misshipment,True,Misshipment,True,Misshipment,True,True,Misshipment,4
IN26022805344366549131,obd,No Issue,No Issue,Misshipment,False,Misshipment,False,Misshipment,False,Misshipment,False,Misshipment,False,Misshipment,False,Misshipment,False,True,Misshipment,2
IN26022806455909424045,cx,Misshipment,Misshipment,No Issue,False,No Issue,False,No Issue,False,No Issue,False,No Issue,False,No Issue,False,No Issue,False,True,No Issue,3
IN26022806455909424045,obd,No Issue,No Issue,No Issue,True,No Issue,True,No Issue,True,No Issue,True,No Issue,True,No Issue,True,No Issue,True,True,No Issue,2
IN26022807112096314019,cx,No Issue,No Issue,No Issue,True,No Issue,True,No Issue,True,No Issue,True,No Issue,True,No Issue,True,No Issue,True,True,No Issue,4
IN26022807112096314019,obd,No Issue,No Issue,No Issue,True,No Issue,True,No Issue,True,No Issue,True,No Issue,True,No Issue,True,No Issue,True,True,No Issue,2
IN26022807183582937002,cx,Misshipment,No Issue,Misshipment,True,Misshipment,True,Misshipment,True,Misshipment,True,Misshipment,True,Misshipment,True,Misshipment,True,True,Misshipment,4
IN26022807183582937002,obd,No Issue,No Issue,No Issue,True,Can't Say,False,No Issue,True,No Issue,True,No Issue,True,No Issue,True,No Issue,True,False,Can't Say|No Issue,2
IN26022807322759900159,cx,Can't Say,Can't Say,Misshipment,False,Misshipment,False,Misshipment,False,Misshipment,False,Misshipment,False,Misshipment,False,Misshipment,False,True,Misshipment,3
IN26022807322759900159,obd,Misshipment,Misshipment,Misshipment,True,Misshipment,True,Misshipment,True,Misshipment,True,Misshipment,True,Misshipment,True,Misshipment,True,True,Misshipment,2
IN26022808035006001157,cx,Misshipment,Misshipment,Misshipment,True,Misshipment,True,Misshipment,True,Misshipment,True,Misshipment,True,Misshipment,True,Misshipment,True,True,Misshipment,3
IN26022808035006001157,obd,Misshipment,Misshipment,Misshipment,True,Misshipment,True,Misshipment,True,Misshipment,True,Misshipment,True,Misshipment,True,Misshipment,True,True,Misshipment,2
IN26022808163880528443,cx,No Issue,No Issue,No Issue,True,No Issue,True,No Issue,True,No Issue,True,No Issue,True,No Issue,True,No Issue,True,True,No Issue,3
IN26022808163880528443,obd,Can't Say,No Issue,Can't Say,True,Can't Say,True,Can't Say,True,Can't Say,True,Can't Say,True,Can't Say,True,Can't Say,True,True,Can't Say,2
IN26022808332807116877,cx,Misshipment,Misshipment,Misshipment,True,Misshipment,True,Misshipment,True,Misshipment,True,Misshipment,True,Misshipment,True,Misshipment,True,True,Misshipment,4
IN26022808332807116877,obd,Misshipment,No Issue,Misshipment,True,Misshipment,True,Misshipment,True,Misshipment,True,Misshipment,True,Misshipment,True,Misshipment,True,True,Misshipment,2
IN26022808372817465652,cx,Can't Say,Can't Say,No Issue,False,No Issue,False,No Issue,False,No Issue,False,No Issue,False,No Issue,False,No Issue,False,True,No Issue,4
IN26022808372817465652,obd,Misshipment,No Issue,No Issue,False,No Issue,False,No Issue,False,No Issue,False,No Issue,False,No Issue,False,No Issue,False,True,No Issue,2
IN26022808421796697633,cx,No Issue,No Issue,No Issue,True,No Issue,True,No Issue,True,No Issue,True,No Issue,True,No Issue,True,No Issue,True,True,No Issue,3
IN26022808421796697633,obd,Misshipment,No Issue,No Issue,False,No Issue,False,No Issue,False,No Issue,False,No Issue,False,No Issue,False,No Issue,False,True,No Issue,2
IN26022808444904185433,cx,Misshipment,No Issue,Misshipment,True,Misshipment,True,Misshipment,True,Misshipment,True,Misshipment,True,Misshipment,True,Misshipment,True,True,Misshipment,3
IN26022808444904185433,obd,Misshipment,No Issue,Misshipment,True,Misshipment,True,Misshipment,True,Misshipment,True,Misshipment,True,Misshipment,True,Misshipment,True,True,Misshipment,2
IN26022808512877407215,cx,Misshipment,No Issue,Misshipment,True,No Issue,False,Misshipment,True,No Issue,False,No Issue,False,Misshipment,True,No Issue,False,False,Misshipment|No Issue,3
IN26022808512877407215,obd,No Issue,No Issue,No Issue,True,No Issue,True,No Issue,True,Misshipment,False,Misshipment,False,No Issue,True,Misshipment,False,False,Misshipment|No Issue,2
IN26022808531154232666,cx,No Issue,No Issue,No Issue,True,No Issue,True,No Issue,True,No Issue,True,No Issue,True,No Issue,True,No Issue,True,True,No Issue,4
IN26022808531154232666,obd,Misshipment,No Issue,Misshipment,True,Misshipment,True,Misshipment,True,Misshipment,True,Misshipment,True,Misshipment,True,Misshipment,True,True,Misshipment,2
IN26022809192240005372,cx,Can't Say,Misshipment,Can't Say,True,Can't Say,True,Can't Say,True,Can't Say,True,Can't Say,True,Can't Say,True,Can't Say,True,True,Can't Say,3
IN26022809192240005372,obd,Can't Say,Can't Say,Can't Say,True,Can't Say,True,Can't Say,True,Can't Say,True,Can't Say,True,Can't Say,True,Can't Say,True,True,Can't Say,2
IN26022809204586623877,cx,Misshipment,Misshipment,Misshipment,True,Misshipment,True,Misshipment,True,Misshipment,True,Misshipment,True,Misshipment,True,Misshipment,True,True,Misshipment,3
IN26022809204586623877,obd,Can't Say,No Issue,No Issue,False,No Issue,False,No Issue,False,No Issue,False,No Issue,False,No Issue,False,No Issue,False,True,No Issue,1
IN26022809251438266238,cx,Misshipment,No Issue,No Issue,False,No Issue,False,No Issue,False,No Issue,False,No Issue,False,No Issue,False,No Issue,False,True,No Issue,3
IN26022809251438266238,obd,Can't Say,No Issue,Misshipment,False,Misshipment,False,Misshipment,False,Misshipment,False,Misshipment,False,Misshipment,False,Misshipment,False,True,Misshipment,2
IN26022809315407789381,cx,Misshipment,Misshipment,Misshipment,True,Misshipment,True,Misshipment,True,Misshipment,True,Misshipment,True,Misshipment,True,Misshipment,True,True,Misshipment,3
IN26022809315407789381,obd,Misshipment,Misshipment,Misshipment,True,Misshipment,True,Misshipment,True,Misshipment,True,Misshipment,True,Misshipment,True,Misshipment,True,True,Misshipment,2
IN26022809341771376425,cx,Misshipment,No Issue,Misshipment,True,Misshipment,True,Misshipment,True,Misshipment,True,Misshipment,True,Misshipment,True,Misshipment,True,True,Misshipment,3
IN26022809341771376425,obd,No Issue,No Issue,No Issue,True,No Issue,True,No Issue,True,No Issue,True,No Issue,True,No Issue,True,No Issue,True,True,No Issue,2
IN26022809392015954516,cx,No Issue,No Issue,No Issue,True,No Issue,True,No Issue,True,No Issue,True,No Issue,True,No Issue,True,No Issue,True,True,No Issue,4
IN26022809392015954516,obd,Can't Say,Can't Say,Can't Say,True,Can't Say,True,Can't Say,True,Can't Say,True,Can't Say,True,Can't Say,True,Can't Say,True,True,Can't Say,2
IN26022809504098711952,cx,No Issue,No Issue,No Issue,True,No Issue,True,No Issue,True,No Issue,True,No Issue,True,No Issue,True,No Issue,True,True,No Issue,4
IN26022809504098711952,obd,Misshipment,No Issue,Misshipment,True,Misshipment,True,Misshipment,True,Misshipment,True,Misshipment,True,Misshipment,True,Misshipment,True,True,Misshipment,2
IN26022809554732933887,cx,No Issue,No Issue,No Issue,True,No Issue,True,No Issue,True,No Issue,True,,,No Issue,True,No Issue,True,True,No Issue,4
IN26022809554732933887,obd,Misshipment,Can't Say,Can't Say,False,Can't Say,False,Can't Say,False,Can't Say,False,Can't Say,False,Can't Say,False,Can't Say,False,True,Can't Say,2
IN26022809561218086833,cx,No Issue,No Issue,No Issue,True,No Issue,True,No Issue,True,No Issue,True,No Issue,True,No Issue,True,No Issue,True,True,No Issue,3
IN26022809561218086833,obd,Can't Say,No Issue,Can't Say,True,Can't Say,True,Can't Say,True,Can't Say,True,Can't Say,True,Can't Say,True,Can't Say,True,True,Can't Say,1
IN26022809574868689623,cx,Misshipment,Misshipment,Misshipment,True,Misshipment,True,Misshipment,True,Misshipment,True,Misshipment,True,Misshipment,True,Misshipment,True,True,Misshipment,4
IN26022809574868689623,obd,Can't Say,No Issue,Can't Say,True,Can't Say,True,Can't Say,True,Can't Say,True,Can't Say,True,Can't Say,True,Can't Say,True,True,Can't Say,1
IN26022810024315360183,cx,Misshipment,Misshipment,Misshipment,True,Misshipment,True,Misshipment,True,Misshipment,True,Misshipment,True,Misshipment,True,Misshipment,True,True,Misshipment,4
IN26022810024315360183,obd,Can't Say,Can't Say,Can't Say,True,Can't Say,True,Can't Say,True,Can't Say,True,Can't Say,True,Can't Say,True,Can't Say,True,True,Can't Say,2
IN26022810032131994297,cx,No Issue,No Issue,No Issue,True,No Issue,True,No Issue,True,No Issue,True,No Issue,True,No Issue,True,No Issue,True,True,No Issue,3
IN26022810032131994297,obd,No Issue,No Issue,No Issue,True,No Issue,True,No Issue,True,No Issue,True,No Issue,True,No Issue,True,No Issue,True,True,No Issue,2
IN26022810062620800334,cx,Misshipment,Misshipment,Misshipment,True,Misshipment,True,Misshipment,True,Misshipment,True,Misshipment,True,Misshipment,True,Misshipment,True,True,Misshipment,3
IN26022810062620800334,obd,Can't Say,Misshipment,Can't Say,True,Can't Say,True,Can't Say,True,Can't Say,True,Can't Say,True,Can't Say,True,Can't Say,True,True,Can't Say,1
IN26022810100365289290,cx,Misshipment,No Issue,Misshipment,True,Misshipment,True,Misshipment,True,Misshipment,True,Misshipment,True,Misshipment,True,Misshipment,True,True,Misshipment,4
IN26022810100365289290,obd,Can't Say,No Issue,No Issue,False,No Issue,False,No Issue,False,No Issue,False,No Issue,False,No Issue,False,No Issue,False,True,No Issue,1
IN26022810122652792778,cx,Can't Say,Can't Say,Can't Say,True,Can't Say,True,Can't Say,True,Can't Say,True,Can't Say,True,Can't Say,True,Can't Say,True,True,Can't Say,3
IN26022810122652792778,obd,Can't Say,Can't Say,Can't Say,True,Can't Say,True,Can't Say,True,Can't Say,True,Can't Say,True,Can't Say,True,Can't Say,True,True,Can't Say,1
IN26022810123668940123,cx,Multiple Issue,Multiple Issue,Multiple Issue,True,Multiple Issue,True,Multiple Issue,True,Multiple Issue,True,Multiple Issue,True,Multiple Issue,True,Multiple Issue,True,True,Multiple Issue,3
IN26022810123668940123,obd,Can't Say,Misshipment,No Issue,False,No Issue,False,No Issue,False,No Issue,False,No Issue,False,No Issue,False,No Issue,False,True,No Issue,1
IN26022810170694026250,cx,Can't Say,Can't Say,Can't Say,True,Can't Say,True,Can't Say,True,Can't Say,True,Can't Say,True,Can't Say,True,Can't Say,True,True,Can't Say,3
IN26022810170694026250,obd,No Issue,No Issue,No Issue,True,No Issue,True,No Issue,True,No Issue,True,No Issue,True,No Issue,True,No Issue,True,True,No Issue,2
IN26022810211071555964,cx,Misshipment,Misshipment,Misshipment,True,Misshipment,True,Misshipment,True,Misshipment,True,Misshipment,True,Misshipment,True,Misshipment,True,True,Misshipment,3
IN26022810211071555964,obd,Can't Say,Can't Say,Misshipment,False,Misshipment,False,Can't Say,True,Can't Say,True,Can't Say,True,Misshipment,False,Misshipment,False,False,Can't Say|Misshipment,2
IN26022810230439715067,cx,No Issue,No Issue,No Issue,True,No Issue,True,No Issue,True,No Issue,True,No Issue,True,No Issue,True,No Issue,True,True,No Issue,3
IN26022810230439715067,obd,Can't Say,No Issue,Can't Say,True,Can't Say,True,Can't Say,True,Can't Say,True,Can't Say,True,Can't Say,True,Can't Say,True,True,Can't Say,1
IN26022810230790817961,cx,Misshipment,Misshipment,Misshipment,True,Misshipment,True,Misshipment,True,Misshipment,True,Misshipment,True,Misshipment,True,Misshipment,True,True,Misshipment,4
IN26022810230790817961,obd,Can't Say,No Issue,Can't Say,True,Can't Say,True,Can't Say,True,Can't Say,True,Can't Say,True,Can't Say,True,Can't Say,True,True,Can't Say,1
IN26022810305222980810,cx,Misshipment,Misshipment,Misshipment,True,Misshipment,True,Misshipment,True,Misshipment,True,Misshipment,True,Misshipment,True,Misshipment,True,True,Misshipment,4
IN26022810305222980810,obd,Misshipment,Misshipment,Misshipment,True,Misshipment,True,Misshipment,True,Misshipment,True,Misshipment,True,Misshipment,True,Misshipment,True,True,Misshipment,2
IN26022810332892340629,cx,Can't Say,Can't Say,Can't Say,True,Can't Say,True,Can't Say,True,Can't Say,True,Can't Say,True,Can't Say,True,Can't Say,True,True,Can't Say,3
IN26022810332892340629,obd,Misshipment,No Issue,Misshipment,True,Misshipment,True,Misshipment,True,Misshipment,True,Misshipment,True,Misshipment,True,Misshipment,True,True,Misshipment,2
IN26022810420175437018,cx,No Issue,No Issue,No Issue,True,No Issue,True,No Issue,True,No Issue,True,No Issue,True,No Issue,True,No Issue,True,True,No Issue,3
IN26022810420175437018,obd,Can't Say,No Issue,Can't Say,True,Can't Say,True,Can't Say,True,Can't Say,True,Can't Say,True,Can't Say,True,Can't Say,True,True,Can't Say,1
IN26022810450900251912,cx,No Issue,No Issue,Misshipment,False,Misshipment,False,Misshipment,False,Misshipment,False,Misshipment,False,Misshipment,False,Misshipment,False,True,Misshipment,3
IN26022810450900251912,obd,No Issue,No Issue,No Issue,True,No Issue,True,No Issue,True,No Issue,True,No Issue,True,No Issue,True,No Issue,True,True,No Issue,2
IN26022810474280228474,cx,Misshipment,Misshipment,Misshipment,True,Misshipment,True,Misshipment,True,Misshipment,True,Misshipment,True,Misshipment,True,Misshipment,True,True,Misshipment,4
IN26022810474280228474,obd,Can't Say,Misshipment,No Issue,False,No Issue,False,No Issue,False,No Issue,False,No Issue,False,No Issue,False,No Issue,False,True,No Issue,1
IN26022810515989880116,cx,Misshipment,Misshipment,Misshipment,True,Misshipment,True,Misshipment,True,Misshipment,True,Misshipment,True,Misshipment,True,Misshipment,True,True,Misshipment,3
IN26022810515989880116,obd,Can't Say,Misshipment,No Issue,False,No Issue,False,No Issue,False,No Issue,False,No Issue,False,No Issue,False,No Issue,False,True,No Issue,1
IN26022810523698143467,cx,Misshipment,Misshipment,Misshipment,True,Misshipment,True,Misshipment,True,Misshipment,True,Misshipment,True,Misshipment,True,Misshipment,True,True,Misshipment,4
IN26022810523698143467,obd,Can't Say,Misshipment,Misshipment,False,Misshipment,False,Misshipment,False,Misshipment,False,Misshipment,False,Misshipment,False,Misshipment,False,True,Misshipment,2
IN26022811033295669289,cx,Misshipment,Misshipment,Misshipment,True,Misshipment,True,Misshipment,True,Misshipment,True,Misshipment,True,Misshipment,True,Misshipment,True,True,Misshipment,4
IN26022811033295669289,obd,Can't Say,Can't Say,Can't Say,True,Can't Say,True,Can't Say,True,Can't Say,True,Can't Say,True,Can't Say,True,Can't Say,True,True,Can't Say,2
IN26022811140870088058,cx,Misshipment,Minor Damage,Misshipment,True,Misshipment,True,Misshipment,True,Misshipment,True,Misshipment,True,Misshipment,True,Misshipment,True,True,Misshipment,3
IN26022811140870088058,obd,Can't Say,Can't Say,Can't Say,True,Can't Say,True,Can't Say,True,Can't Say,True,Can't Say,True,Can't Say,True,Can't Say,True,True,Can't Say,1
IN26022811152501917493,cx,Misshipment,No Issue,No Issue,False,No Issue,False,No Issue,False,No Issue,False,No Issue,False,No Issue,False,No Issue,False,True,No Issue,3
IN26022811152501917493,obd,Can't Say,No Issue,Can't Say,True,Can't Say,True,Can't Say,True,Can't Say,True,Can't Say,True,Can't Say,True,Can't Say,True,True,Can't Say,1
IN26022811155084426341,cx,No Issue,Misshipment,No Issue,True,No Issue,True,No Issue,True,No Issue,True,No Issue,True,No Issue,True,No Issue,True,True,No Issue,4
IN26022811155084426341,obd,Can't Say,Can't Say,Can't Say,True,Can't Say,True,Can't Say,True,Can't Say,True,Can't Say,True,Can't Say,True,Can't Say,True,True,Can't Say,1
IN26022811161987250334,cx,Can't Say,Can't Say,Misshipment,False,Can't Say,True,Can't Say,True,Can't Say,True,Can't Say,True,Misshipment,False,Misshipment,False,False,Can't Say|Misshipment,3
IN26022811161987250334,obd,Can't Say,No Issue,Can't Say,True,Can't Say,True,Can't Say,True,Can't Say,True,Can't Say,True,Can't Say,True,Can't Say,True,True,Can't Say,1
IN26022811344965998728,cx,No Issue,No Issue,No Issue,True,No Issue,True,No Issue,True,No Issue,True,No Issue,True,No Issue,True,No Issue,True,True,No Issue,3
IN26022811344965998728,obd,Can't Say,Can't Say,,,,,,,,,,,,,,,,,1
IN26022811361202401494,cx,No Issue,No Issue,No Issue,True,No Issue,True,No Issue,True,No Issue,True,No Issue,True,No Issue,True,No Issue,True,True,No Issue,4
IN26022811361202401494,obd,Can't Say,No Issue,No Issue,False,No Issue,False,No Issue,False,No Issue,False,No Issue,False,No Issue,False,No Issue,False,True,No Issue,1
IN26022811402811532112,cx,Misshipment,Misshipment,Misshipment,True,Misshipment,True,Misshipment,True,Misshipment,True,Misshipment,True,Misshipment,True,Misshipment,True,True,Misshipment,4
IN26022811402811532112,obd,Can't Say,Misshipment,Can't Say,True,Can't Say,True,Can't Say,True,Can't Say,True,Can't Say,True,Can't Say,True,Can't Say,True,True,Can't Say,1
IN26022811433743922621,cx,Misshipment,Misshipment,Misshipment,True,Misshipment,True,Misshipment,True,Misshipment,True,Misshipment,True,Misshipment,True,Misshipment,True,True,Misshipment,3
IN26022811433743922621,obd,Can't Say,Misshipment,Can't Say,True,Can't Say,True,Can't Say,True,Can't Say,True,Can't Say,True,Can't Say,True,Can't Say,True,True,Can't Say,1
IN26022811470476199670,cx,Misshipment,Misshipment,Misshipment,True,Misshipment,True,Misshipment,True,Misshipment,True,Misshipment,True,Misshipment,True,Misshipment,True,True,Misshipment,3
IN26022811470476199670,obd,Misshipment,Misshipment,Misshipment,True,Misshipment,True,Misshipment,True,Misshipment,True,Misshipment,True,Misshipment,True,Misshipment,True,True,Misshipment,2
IN26022811473087512626,cx,Misshipment,Misshipment,Misshipment,True,Misshipment,True,Misshipment,True,Misshipment,True,Misshipment,True,Misshipment,True,Misshipment,True,True,Misshipment,3
IN26022811473087512626,obd,Can't Say,Misshipment,No Issue,False,No Issue,False,No Issue,False,No Issue,False,No Issue,False,No Issue,False,No Issue,False,True,No Issue,1
IN26022811492349249306,cx,Misshipment,Misshipment,Misshipment,True,Misshipment,True,Misshipment,True,Misshipment,True,Misshipment,True,Misshipment,True,Misshipment,True,True,Misshipment,3
IN26022811492349249306,obd,Can't Say,Misshipment,Can't Say,True,Can't Say,True,Can't Say,True,Can't Say,True,Can't Say,True,Can't Say,True,Can't Say,True,True,Can't Say,1
IN26022811494350241175,cx,Misshipment,Misshipment,Misshipment,True,Misshipment,True,Misshipment,True,Misshipment,True,Misshipment,True,Misshipment,True,Misshipment,True,True,Misshipment,3
IN26022811494350241175,obd,Can't Say,Misshipment,Can't Say,True,Can't Say,True,Can't Say,True,Can't Say,True,Can't Say,True,Can't Say,True,Can't Say,True,True,Can't Say,1
IN26022811494365959274,cx,No Issue,No Issue,No Issue,True,No Issue,True,No Issue,True,No Issue,True,No Issue,True,No Issue,True,No Issue,True,True,No Issue,3
IN26022811494365959274,obd,Can't Say,No Issue,Can't Say,True,Can't Say,True,Can't Say,True,Can't Say,True,Can't Say,True,Can't Say,True,Can't Say,True,True,Can't Say,1
IN26022811505674529306,cx,Misshipment,Misshipment,Misshipment,True,Misshipment,True,Misshipment,True,Misshipment,True,Misshipment,True,Misshipment,True,Misshipment,True,True,Misshipment,4
IN26022811505674529306,obd,Can't Say,Misshipment,No Issue,False,No Issue,False,No Issue,False,No Issue,False,No Issue,False,No Issue,False,No Issue,False,True,No Issue,1
IN26022811555324922763,cx,Misshipment,No Issue,Misshipment,True,Misshipment,True,Misshipment,True,Misshipment,True,Misshipment,True,Misshipment,True,Misshipment,True,True,Misshipment,3
IN26022811555324922763,obd,Misshipment,No Issue,No Issue,False,No Issue,False,No Issue,False,No Issue,False,Misshipment,True,No Issue,False,No Issue,False,False,Misshipment|No Issue,2
IN26022811585230088099,cx,Misshipment,Misshipment,Misshipment,True,Misshipment,True,Misshipment,True,Misshipment,True,Misshipment,True,Misshipment,True,Misshipment,True,True,Misshipment,4
IN26022811585230088099,obd,Misshipment,Misshipment,Misshipment,True,Misshipment,True,Misshipment,True,Misshipment,True,Misshipment,True,Misshipment,True,Misshipment,True,True,Misshipment,2
IN26022811595195849912,cx,Misshipment,Misshipment,Misshipment,True,Misshipment,True,Misshipment,True,Misshipment,True,Misshipment,True,Misshipment,True,Misshipment,True,True,Misshipment,3
IN26022811595195849912,obd,Can't Say,Misshipment,No Issue,False,No Issue,False,No Issue,False,No Issue,False,No Issue,False,No Issue,False,No Issue,False,True,No Issue,1
IN26022812000164151026,cx,Misshipment,Misshipment,Misshipment,True,Misshipment,True,Misshipment,True,Misshipment,True,Misshipment,True,Misshipment,True,Misshipment,True,True,Misshipment,3
IN26022812000164151026,obd,Can't Say,Misshipment,No Issue,False,No Issue,False,No Issue,False,No Issue,False,No Issue,False,No Issue,False,No Issue,False,True,No Issue,1
IN26022812031161856825,cx,No Issue,No Issue,Misshipment,False,No Issue,True,No Issue,True,Misshipment,False,Misshipment,False,No Issue,True,Misshipment,False,False,Misshipment|No Issue,3
IN26022812031161856825,obd,Misshipment,No Issue,No Issue,False,No Issue,False,No Issue,False,No Issue,False,No Issue,False,No Issue,False,No Issue,False,True,No Issue,2
IN26022812051275470088,cx,No Issue,Misshipment,No Issue,True,No Issue,True,No Issue,True,No Issue,True,No Issue,True,No Issue,True,No Issue,True,True,No Issue,4
IN26022812051275470088,obd,Misshipment,Misshipment,No Issue,False,No Issue,False,No Issue,False,No Issue,False,No Issue,False,No Issue,False,No Issue,False,True,No Issue,2
IN26022812052169931267,cx,Misshipment,Misshipment,Misshipment,True,Misshipment,True,Misshipment,True,Misshipment,True,Misshipment,True,Misshipment,True,Misshipment,True,True,Misshipment,4
IN26022812052169931267,obd,Can't Say,Misshipment,No Issue,False,Can't Say,True,Can't Say,True,Can't Say,True,Can't Say,True,Can't Say,True,Can't Say,True,False,Can't Say|No Issue,1
IN26022812102409112127,cx,Misshipment,Misshipment,Misshipment,True,Misshipment,True,Misshipment,True,Misshipment,True,Misshipment,True,Misshipment,True,Misshipment,True,True,Misshipment,4
IN26022812102409112127,obd,Can't Say,Misshipment,Can't Say,True,Can't Say,True,Can't Say,True,Can't Say,True,Can't Say,True,Can't Say,True,Can't Say,True,True,Can't Say,1
IN26022812221235909849,cx,Misshipment,No Issue,Misshipment,True,Misshipment,True,Misshipment,True,Misshipment,True,Misshipment,True,Misshipment,True,Misshipment,True,True,Misshipment,3
IN26022812221235909849,obd,Can't Say,No Issue,No Issue,False,No Issue,False,No Issue,False,No Issue,False,No Issue,False,No Issue,False,No Issue,False,True,No Issue,1
IN26022812224265112830,cx,Can't Say,Misshipment,Can't Say,True,Can't Say,True,Can't Say,True,Can't Say,True,Can't Say,True,Can't Say,True,Can't Say,True,True,Can't Say,4
IN26022812224265112830,obd,Can't Say,No Issue,Can't Say,True,Can't Say,True,Can't Say,True,Can't Say,True,Can't Say,True,Can't Say,True,Can't Say,True,True,Can't Say,1
IN26022812240068960164,cx,Misshipment,No Issue,Misshipment,True,Misshipment,True,Misshipment,True,Misshipment,True,Misshipment,True,Misshipment,True,Misshipment,True,True,Misshipment,4
IN26022812240068960164,obd,Can't Say,No Issue,Can't Say,True,Can't Say,True,Can't Say,True,Can't Say,True,Can't Say,True,Can't Say,True,Can't Say,True,True,Can't Say,1
IN26022812253708382465,cx,No Issue,No Issue,No Issue,True,No Issue,True,,,No Issue,True,No Issue,True,No Issue,True,No Issue,True,True,No Issue,4
IN26022812253708382465,obd,Can't Say,No Issue,Can't Say,True,Can't Say,True,Can't Say,True,Can't Say,True,Can't Say,True,Can't Say,True,Can't Say,True,True,Can't Say,1
IN26022812253792603576,cx,Misshipment,Misshipment,Misshipment,True,Misshipment,True,Misshipment,True,Misshipment,True,Misshipment,True,Misshipment,True,Misshipment,True,True,Misshipment,3
IN26022812253792603576,obd,Can't Say,Can't Say,Can't Say,True,Can't Say,True,Can't Say,True,Can't Say,True,Can't Say,True,Can't Say,True,Can't Say,True,True,Can't Say,2
IN26022812273304580424,cx,Misshipment,Misshipment,Misshipment,True,Misshipment,True,Misshipment,True,Misshipment,True,Misshipment,True,Misshipment,True,Misshipment,True,True,Misshipment,3
IN26022812273304580424,obd,Can't Say,Misshipment,Can't Say,True,Can't Say,True,Can't Say,True,Can't Say,True,Can't Say,True,Can't Say,True,Can't Say,True,True,Can't Say,1
IN26022812283423305597,cx,No Issue,No Issue,No Issue,True,No Issue,True,No Issue,True,No Issue,True,No Issue,True,No Issue,True,No Issue,True,True,No Issue,4
IN26022812283423305597,obd,No Issue,No Issue,No Issue,True,No Issue,True,No Issue,True,No Issue,True,No Issue,True,No Issue,True,No Issue,True,True,No Issue,2
IN26022812302822162770,cx,Misshipment,Misshipment,Misshipment,True,Misshipment,True,Misshipment,True,Misshipment,True,Misshipment,True,Misshipment,True,Misshipment,True,True,Misshipment,3
IN26022812302822162770,obd,Can't Say,Misshipment,Can't Say,True,Can't Say,True,Can't Say,True,Can't Say,True,Can't Say,True,Can't Say,True,Can't Say,True,True,Can't Say,1
IN26022812320362911065,cx,No Issue,Misshipment,Misshipment,False,No Issue,True,No Issue,True,Misshipment,False,No Issue,True,Misshipment,False,No Issue,True,False,Misshipment|No Issue,3
IN26022812320362911065,obd,Can't Say,Misshipment,Can't Say,True,Can't Say,True,Can't Say,True,Can't Say,True,Can't Say,True,Can't Say,True,Can't Say,True,True,Can't Say,1
IN26022812341577440789,cx,Misshipment,Misshipment,Misshipment,True,Misshipment,True,Misshipment,True,Misshipment,True,Misshipment,True,Misshipment,True,Misshipment,True,True,Misshipment,4
IN26022812341577440789,obd,Can't Say,Misshipment,Can't Say,True,Can't Say,True,Can't Say,True,Can't Say,True,Can't Say,True,Can't Say,True,Can't Say,True,True,Can't Say,1
IN26022812342127901934,cx,Misshipment,Misshipment,Misshipment,True,Misshipment,True,Misshipment,True,Misshipment,True,Misshipment,True,Misshipment,True,Misshipment,True,True,Misshipment,4
IN26022812342127901934,obd,Can't Say,Misshipment,No Issue,False,No Issue,False,No Issue,False,No Issue,False,No Issue,False,No Issue,False,No Issue,False,True,No Issue,1
IN26022812382355884214,cx,Can't Say,Can't Say,Can't Say,True,Can't Say,True,Can't Say,True,Can't Say,True,Can't Say,True,Can't Say,True,Can't Say,True,True,Can't Say,4
IN26022812382355884214,obd,Can't Say,Can't Say,Can't Say,True,Can't Say,True,Can't Say,True,Can't Say,True,Can't Say,True,Can't Say,True,Can't Say,True,True,Can't Say,1
IN26022812392830301195,cx,Misshipment,Misshipment,Misshipment,True,Misshipment,True,Misshipment,True,Misshipment,True,Misshipment,True,Misshipment,True,Misshipment,True,True,Misshipment,3
IN26022812392830301195,obd,Misshipment,Misshipment,Can't Say,False,Can't Say,False,Can't Say,False,Can't Say,False,Can't Say,False,Can't Say,False,Can't Say,False,True,Can't Say,2
IN26022812393560118914,cx,Misshipment,Misshipment,Misshipment,True,Misshipment,True,Misshipment,True,Misshipment,True,Misshipment,True,Misshipment,True,Misshipment,True,True,Misshipment,4
IN26022812393560118914,obd,No Issue,Misshipment,No Issue,True,No Issue,True,No Issue,True,No Issue,True,No Issue,True,No Issue,True,No Issue,True,True,No Issue,2
IN26022812442312174028,cx,Can't Say,Misshipment,Misshipment,False,Misshipment,False,Misshipment,False,Misshipment,False,Misshipment,False,Misshipment,False,Misshipment,False,True,Misshipment,3
IN26022812442312174028,obd,Can't Say,Misshipment,No Issue,False,No Issue,False,No Issue,False,No Issue,False,No Issue,False,No Issue,False,No Issue,False,True,No Issue,1
IN26022812474071681363,cx,Misshipment,Misshipment,Misshipment,True,Misshipment,True,Misshipment,True,Misshipment,True,Misshipment,True,Misshipment,True,Misshipment,True,True,Misshipment,3
IN26022812474071681363,obd,Misshipment,Misshipment,Misshipment,True,Misshipment,True,Misshipment,True,Misshipment,True,Misshipment,True,Misshipment,True,Misshipment,True,True,Misshipment,2
IN26022812481130564424,cx,No Issue,No Issue,No Issue,True,No Issue,True,No Issue,True,No Issue,True,No Issue,True,No Issue,True,No Issue,True,True,No Issue,3
IN26022812481130564424,obd,No Issue,No Issue,No Issue,True,No Issue,True,No Issue,True,No Issue,True,No Issue,True,No Issue,True,No Issue,True,True,No Issue,2
IN26022812515579875265,cx,Misshipment,Misshipment,Misshipment,True,Misshipment,True,Misshipment,True,Misshipment,True,Misshipment,True,Misshipment,True,Misshipment,True,True,Misshipment,4
IN26022812515579875265,obd,Can't Say,Misshipment,Can't Say,True,Can't Say,True,Can't Say,True,Can't Say,True,Can't Say,True,Can't Say,True,Can't Say,True,True,Can't Say,1
IN26022812533108081087,cx,No Issue,No Issue,No Issue,True,No Issue,True,No Issue,True,No Issue,True,No Issue,True,No Issue,True,No Issue,True,True,No Issue,4
IN26022812533108081087,obd,Can't Say,No Issue,No Issue,False,No Issue,False,No Issue,False,No Issue,False,No Issue,False,No Issue,False,No Issue,False,True,No Issue,2
IN26022812540721889781,cx,No Issue,No Issue,No Issue,True,No Issue,True,No Issue,True,No Issue,True,No Issue,True,No Issue,True,No Issue,True,True,No Issue,4
IN26022812540721889781,obd,Misshipment,No Issue,Misshipment,True,Misshipment,True,Misshipment,True,Misshipment,True,Misshipment,True,Misshipment,True,Misshipment,True,True,Misshipment,2
IN26022812582095704862,cx,Misshipment,No Issue,Misshipment,True,Misshipment,True,Misshipment,True,Misshipment,True,Misshipment,True,Misshipment,True,Misshipment,True,True,Misshipment,3
IN26022812582095704862,obd,Can't Say,Can't Say,Can't Say,True,Can't Say,True,Can't Say,True,Can't Say,True,Can't Say,True,Can't Say,True,Can't Say,True,True,Can't Say,2
IN26022813000139837379,cx,Misshipment,Misshipment,Misshipment,True,Misshipment,True,Misshipment,True,Misshipment,True,Misshipment,True,Misshipment,True,Misshipment,True,True,Misshipment,4
IN26022813000139837379,obd,Can't Say,Can't Say,,,,,,,,,,,,,,,,,1
IN26022813001229761675,cx,Misshipment,Misshipment,Misshipment,True,Misshipment,True,Misshipment,True,Misshipment,True,Misshipment,True,Misshipment,True,Misshipment,True,True,Misshipment,3
IN26022813001229761675,obd,Can't Say,No Issue,Can't Say,True,Can't Say,True,Can't Say,True,Can't Say,True,Can't Say,True,Can't Say,True,Can't Say,True,True,Can't Say,1
IN26022813015653212422,cx,Misshipment,Can't Say,Misshipment,True,Misshipment,True,Misshipment,True,Misshipment,True,Misshipment,True,Misshipment,True,Misshipment,True,True,Misshipment,4
IN26022813015653212422,obd,Can't Say,Misshipment,No Issue,False,No Issue,False,No Issue,False,No Issue,False,No Issue,False,No Issue,False,No Issue,False,True,No Issue,2
IN26022813055521399037,cx,Misshipment,Misshipment,Misshipment,True,Misshipment,True,Misshipment,True,Misshipment,True,Misshipment,True,Misshipment,True,Misshipment,True,True,Misshipment,4
IN26022813055521399037,obd,Can't Say,No Issue,Can't Say,True,Can't Say,True,Can't Say,True,Can't Say,True,Can't Say,True,Can't Say,True,Can't Say,True,True,Can't Say,1
IN26022813082117132086,cx,Misshipment,Major Damage,Misshipment,True,Misshipment,True,Misshipment,True,Misshipment,True,Misshipment,True,Misshipment,True,Misshipment,True,True,Misshipment,3
IN26022813082117132086,obd,Misshipment,Misshipment,Misshipment,True,Misshipment,True,Misshipment,True,Misshipment,True,Misshipment,True,Misshipment,True,Misshipment,True,True,Misshipment,2
IN26022813085767356584,cx,Misshipment,Misshipment,Misshipment,True,Misshipment,True,Misshipment,True,Misshipment,True,Misshipment,True,Misshipment,True,Misshipment,True,True,Misshipment,3
IN26022813085767356584,obd,Can't Say,No Issue,Can't Say,True,Can't Say,True,Can't Say,True,Can't Say,True,Can't Say,True,Can't Say,True,Can't Say,True,True,Can't Say,1
IN26022813090035365664,cx,No Issue,Misshipment,No Issue,True,No Issue,True,No Issue,True,No Issue,True,No Issue,True,No Issue,True,No Issue,True,True,No Issue,4
IN26022813090035365664,obd,No Issue,Misshipment,No Issue,True,No Issue,True,No Issue,True,No Issue,True,No Issue,True,No Issue,True,No Issue,True,True,No Issue,2
IN26022813092320545585,cx,Misshipment,Misshipment,Misshipment,True,Misshipment,True,Misshipment,True,Misshipment,True,Misshipment,True,Misshipment,True,Misshipment,True,True,Misshipment,3
IN26022813092320545585,obd,Can't Say,Can't Say,No Issue,False,No Issue,False,No Issue,False,No Issue,False,No Issue,False,No Issue,False,No Issue,False,True,No Issue,1
IN26022813102431545012,cx,No Issue,Misshipment,Misshipment,False,Misshipment,False,Misshipment,False,Misshipment,False,Misshipment,False,Misshipment,False,Misshipment,False,True,Misshipment,4
IN26022813102431545012,obd,Can't Say,Misshipment,,,,,,,,,,,,,,,,,1
IN26022813164209714167,cx,Misshipment,Misshipment,Misshipment,True,Misshipment,True,Misshipment,True,Misshipment,True,Misshipment,True,Misshipment,True,Misshipment,True,True,Misshipment,3
IN26022813164209714167,obd,Can't Say,Can't Say,Can't Say,True,Can't Say,True,Can't Say,True,Can't Say,True,Can't Say,True,Can't Say,True,Can't Say,True,True,Can't Say,1
IN26022813171184964069,cx,Misshipment,No Issue,Misshipment,True,Misshipment,True,Misshipment,True,Misshipment,True,Misshipment,True,Misshipment,True,Misshipment,True,True,Misshipment,3
IN26022813171184964069,obd,Can't Say,No Issue,No Issue,False,No Issue,False,No Issue,False,No Issue,False,No Issue,False,No Issue,False,No Issue,False,True,No Issue,1
IN26022813175942614580,cx,No Issue,No Issue,No Issue,True,No Issue,True,No Issue,True,No Issue,True,No Issue,True,No Issue,True,No Issue,True,True,No Issue,4
IN26022813175942614580,obd,No Issue,No Issue,Can't Say,False,Can't Say,False,Can't Say,False,Can't Say,False,Can't Say,False,Can't Say,False,Can't Say,False,True,Can't Say,2
IN26022813200321090527,cx,Misshipment,Misshipment,Misshipment,True,Misshipment,True,Misshipment,True,Misshipment,True,Misshipment,True,Misshipment,True,Misshipment,True,True,Misshipment,4
IN26022813200321090527,obd,Can't Say,Misshipment,Can't Say,True,Can't Say,True,Can't Say,True,Can't Say,True,Can't Say,True,Can't Say,True,Can't Say,True,True,Can't Say,1
IN26022813203541788463,cx,Misshipment,Misshipment,Misshipment,True,Misshipment,True,Misshipment,True,Misshipment,True,Misshipment,True,Misshipment,True,Misshipment,True,True,Misshipment,3
IN26022813203541788463,obd,Can't Say,Misshipment,No Issue,False,No Issue,False,No Issue,False,No Issue,False,No Issue,False,No Issue,False,No Issue,False,True,No Issue,1
IN26022813222420402654,cx,Misshipment,Can't Say,Misshipment,True,Misshipment,True,Misshipment,True,Misshipment,True,Misshipment,True,Misshipment,True,Misshipment,True,True,Misshipment,3
IN26022813222420402654,obd,Can't Say,Can't Say,Can't Say,True,Can't Say,True,Can't Say,True,Can't Say,True,Can't Say,True,Can't Say,True,Can't Say,True,True,Can't Say,1
IN26022813222799113384,cx,Misshipment,Misshipment,Misshipment,True,Misshipment,True,Misshipment,True,Misshipment,True,Misshipment,True,Misshipment,True,Misshipment,True,True,Misshipment,3
IN26022813222799113384,obd,Can't Say,No Issue,Can't Say,True,Can't Say,True,Can't Say,True,Can't Say,True,Can't Say,True,Can't Say,True,Can't Say,True,True,Can't Say,1
IN26022813225438737328,cx,Can't Say,Can't Say,Can't Say,True,Can't Say,True,Can't Say,True,Can't Say,True,Can't Say,True,Can't Say,True,Can't Say,True,True,Can't Say,3
IN26022813225438737328,obd,No Issue,No Issue,No Issue,True,No Issue,True,No Issue,True,No Issue,True,No Issue,True,No Issue,True,No Issue,True,True,No Issue,2
IN26022813250984772041,cx,No Issue,No Issue,No Issue,True,No Issue,True,No Issue,True,No Issue,True,No Issue,True,No Issue,True,No Issue,True,True,No Issue,4
IN26022813250984772041,obd,Can't Say,No Issue,No Issue,False,No Issue,False,No Issue,False,No Issue,False,No Issue,False,No Issue,False,No Issue,False,True,No Issue,1
IN26022813293134308318,cx,No Issue,No Issue,No Issue,True,No Issue,True,No Issue,True,No Issue,True,No Issue,True,No Issue,True,No Issue,True,True,No Issue,3
IN26022813293134308318,obd,Misshipment,Misshipment,No Issue,False,No Issue,False,No Issue,False,No Issue,False,No Issue,False,No Issue,False,No Issue,False,True,No Issue,2
IN26022813302178689579,cx,Misshipment,Misshipment,Misshipment,True,Misshipment,True,Misshipment,True,Misshipment,True,Misshipment,True,Misshipment,True,Misshipment,True,True,Misshipment,3
IN26022813302178689579,obd,Can't Say,Misshipment,Can't Say,True,Can't Say,True,Can't Say,True,Can't Say,True,Can't Say,True,Can't Say,True,Can't Say,True,True,Can't Say,1
IN26022813343770381395,cx,Misshipment,No Issue,Can't Say,False,Can't Say,False,Can't Say,False,Can't Say,False,Can't Say,False,Can't Say,False,Can't Say,False,True,Can't Say,3
IN26022813343770381395,obd,Can't Say,No Issue,Can't Say,True,No Issue,False,Can't Say,True,Can't Say,True,No Issue,False,Can't Say,True,No Issue,False,False,Can't Say|No Issue,1
IN26022813381378723169,cx,Misshipment,Misshipment,Multiple Issue,False,Multiple Issue,False,Multiple Issue,False,Major Missing,False,Major Missing,False,Multiple Issue,False,Multiple Issue,False,False,Major Missing|Multiple Issue,4
IN26022813381378723169,obd,Can't Say,Misshipment,Can't Say,True,Can't Say,True,Can't Say,True,Can't Say,True,Can't Say,True,Can't Say,True,Can't Say,True,True,Can't Say,1
IN26022813401981901662,cx,Can't Say,Can't Say,Can't Say,True,Can't Say,True,Can't Say,True,Can't Say,True,Can't Say,True,Can't Say,True,Can't Say,True,True,Can't Say,3
IN26022813401981901662,obd,Can't Say,No Issue,Can't Say,True,Can't Say,True,Can't Say,True,Can't Say,True,Can't Say,True,Can't Say,True,Can't Say,True,True,Can't Say,1
IN26022813412008103194,cx,Misshipment,Misshipment,Misshipment,True,Misshipment,True,Misshipment,True,Misshipment,True,Misshipment,True,Misshipment,True,Misshipment,True,True,Misshipment,3
IN26022813412008103194,obd,Can't Say,Misshipment,Can't Say,True,Can't Say,True,Can't Say,True,Can't Say,True,Can't Say,True,Can't Say,True,Can't Say,True,True,Can't Say,1
IN26022813432979415113,cx,Misshipment,Misshipment,Can't Say,False,Misshipment,True,Misshipment,True,Misshipment,True,Misshipment,True,Misshipment,True,Misshipment,True,False,Can't Say|Misshipment,3
IN26022813432979415113,obd,Misshipment,Misshipment,Misshipment,True,Misshipment,True,Misshipment,True,Misshipment,True,Misshipment,True,Misshipment,True,Misshipment,True,True,Misshipment,2
IN26022813433548644009,cx,Misshipment,Misshipment,Misshipment,True,Misshipment,True,Misshipment,True,Misshipment,True,Misshipment,True,Misshipment,True,Misshipment,True,True,Misshipment,3
IN26022813433548644009,obd,Can't Say,Can't Say,No Issue,False,No Issue,False,No Issue,False,No Issue,False,No Issue,False,No Issue,False,No Issue,False,True,No Issue,1
IN26022813440453971002,cx,Misshipment,No Issue,No Issue,False,Misshipment,True,Misshipment,True,No Issue,False,No Issue,False,Misshipment,True,No Issue,False,False,Misshipment|No Issue,3
IN26022813440453971002,obd,Can't Say,No Issue,No Issue,False,No Issue,False,No Issue,False,No Issue,False,No Issue,False,No Issue,False,No Issue,False,True,No Issue,1
IN26022813453121367613,cx,No Issue,No Issue,No Issue,True,No Issue,True,No Issue,True,No Issue,True,No Issue,True,No Issue,True,No Issue,True,True,No Issue,3
IN26022813453121367613,obd,Can't Say,No Issue,Can't Say,True,Can't Say,True,Can't Say,True,Can't Say,True,,,Can't Say,True,Can't Say,True,True,Can't Say,1
IN26022813524722551800,cx,Can't Say,Can't Say,Can't Say,True,Can't Say,True,Can't Say,True,Can't Say,True,Can't Say,True,Can't Say,True,Can't Say,True,True,Can't Say,4
IN26022813524722551800,obd,No Issue,Misshipment,Misshipment,False,Misshipment,False,Misshipment,False,Misshipment,False,Misshipment,False,Misshipment,False,Misshipment,False,True,Misshipment,2
IN26022813570134636277,cx,Misshipment,Misshipment,Misshipment,True,Misshipment,True,Misshipment,True,Misshipment,True,Misshipment,True,Misshipment,True,Misshipment,True,True,Misshipment,4
IN26022813570134636277,obd,No Issue,No Issue,Misshipment,False,Misshipment,False,Misshipment,False,Misshipment,False,Misshipment,False,Misshipment,False,Misshipment,False,True,Misshipment,2
IN26022813590929269780,cx,Misshipment,Misshipment,Misshipment,True,Misshipment,True,Misshipment,True,Misshipment,True,Misshipment,True,Misshipment,True,Misshipment,True,True,Misshipment,3
IN26022813590929269780,obd,Can't Say,No Issue,Can't Say,True,Can't Say,True,Can't Say,True,Can't Say,True,Can't Say,True,Can't Say,True,Can't Say,True,True,Can't Say,1
IN26022814002100877057,cx,Can't Say,Misshipment,No Issue,False,No Issue,False,No Issue,False,No Issue,False,No Issue,False,No Issue,False,No Issue,False,True,No Issue,3
IN26022814002100877057,obd,Can't Say,Can't Say,Can't Say,True,Can't Say,True,Can't Say,True,Can't Say,True,Can't Say,True,Can't Say,True,Can't Say,True,True,Can't Say,1
IN26022814004099769662,cx,Misshipment,Misshipment,Misshipment,True,Misshipment,True,Misshipment,True,Misshipment,True,Misshipment,True,Misshipment,True,Misshipment,True,True,Misshipment,3
IN26022814004099769662,obd,Misshipment,No Issue,No Issue,False,No Issue,False,No Issue,False,No Issue,False,No Issue,False,No Issue,False,No Issue,False,True,No Issue,2
IN26022814070125868156,cx,Misshipment,Misshipment,Misshipment,True,Misshipment,True,Misshipment,True,Misshipment,True,Misshipment,True,Misshipment,True,Misshipment,True,True,Misshipment,3
IN26022814070125868156,obd,Can't Say,Can't Say,Can't Say,True,Can't Say,True,Can't Say,True,Can't Say,True,Can't Say,True,Can't Say,True,Can't Say,True,True,Can't Say,2
IN26022814085054511606,cx,No Issue,No Issue,No Issue,True,No Issue,True,No Issue,True,No Issue,True,No Issue,True,No Issue,True,No Issue,True,True,No Issue,4
IN26022814085054511606,obd,Can't Say,Can't Say,No Issue,False,No Issue,False,No Issue,False,No Issue,False,No Issue,False,No Issue,False,No Issue,False,True,No Issue,1
IN26022814090579576775,cx,Misshipment,Misshipment,Misshipment,True,Misshipment,True,Misshipment,True,Misshipment,True,Misshipment,True,Misshipment,True,Misshipment,True,True,Misshipment,3
IN26022814090579576775,obd,Can't Say,Can't Say,No Issue,False,No Issue,False,No Issue,False,No Issue,False,No Issue,False,No Issue,False,No Issue,False,True,No Issue,1
IN26022814112047328777,cx,Can't Say,Can't Say,No Issue,False,No Issue,False,No Issue,False,No Issue,False,No Issue,False,No Issue,False,No Issue,False,True,No Issue,3
IN26022814112047328777,obd,No Issue,Misshipment,No Issue,True,No Issue,True,No Issue,True,No Issue,True,No Issue,True,No Issue,True,No Issue,True,True,No Issue,2
IN26022814125905741931,cx,Misshipment,Misshipment,Misshipment,True,Misshipment,True,Misshipment,True,Misshipment,True,Misshipment,True,Misshipment,True,Misshipment,True,True,Misshipment,4
IN26022814125905741931,obd,Can't Say,Can't Say,No Issue,False,No Issue,False,No Issue,False,No Issue,False,No Issue,False,No Issue,False,No Issue,False,True,No Issue,1
IN26022814164838895925,cx,Misshipment,Misshipment,Misshipment,True,Misshipment,True,Misshipment,True,Misshipment,True,Misshipment,True,Misshipment,True,Misshipment,True,True,Misshipment,4
IN26022814164838895925,obd,Can't Say,No Issue,Can't Say,True,Can't Say,True,Can't Say,True,Can't Say,True,Can't Say,True,Can't Say,True,Can't Say,True,True,Can't Say,1
IN26022814185300580700,cx,Can't Say,Misshipment,Can't Say,True,Can't Say,True,Can't Say,True,Can't Say,True,Can't Say,True,Can't Say,True,Can't Say,True,True,Can't Say,4
IN26022814185300580700,obd,Can't Say,Misshipment,Can't Say,True,Can't Say,True,Can't Say,True,Can't Say,True,Can't Say,True,Can't Say,True,Can't Say,True,True,Can't Say,1
IN26022814211518012892,cx,No Issue,No Issue,No Issue,True,No Issue,True,No Issue,True,No Issue,True,No Issue,True,No Issue,True,No Issue,True,True,No Issue,4
IN26022814211518012892,obd,Can't Say,No Issue,No Issue,False,No Issue,False,No Issue,False,No Issue,False,No Issue,False,No Issue,False,No Issue,False,True,No Issue,1
IN26022814260696798586,cx,Can't Say,Can't Say,Can't Say,True,Can't Say,True,Can't Say,True,Can't Say,True,Can't Say,True,Can't Say,True,Can't Say,True,True,Can't Say,3
IN26022814260696798586,obd,No Issue,Misshipment,Misshipment,False,Misshipment,False,Misshipment,False,Misshipment,False,Misshipment,False,Misshipment,False,Misshipment,False,True,Misshipment,2
IN26022814273367208984,cx,No Issue,No Issue,No Issue,True,No Issue,True,No Issue,True,No Issue,True,No Issue,True,No Issue,True,No Issue,True,True,No Issue,3
IN26022814273367208984,obd,No Issue,No Issue,No Issue,True,No Issue,True,No Issue,True,No Issue,True,No Issue,True,No Issue,True,No Issue,True,True,No Issue,2
IN26022814332066757872,cx,Can't Say,Can't Say,No Issue,False,No Issue,False,No Issue,False,No Issue,False,No Issue,False,No Issue,False,No Issue,False,True,No Issue,4
IN26022814332066757872,obd,Can't Say,Can't Say,No Issue,False,No Issue,False,No Issue,False,No Issue,False,No Issue,False,No Issue,False,No Issue,False,True,No Issue,1
IN26022814350998892534,cx,Misshipment,Misshipment,Misshipment,True,No Issue,False,No Issue,False,Misshipment,True,No Issue,False,Misshipment,True,No Issue,False,False,Misshipment|No Issue,4
IN26022814350998892534,obd,Can't Say,No Issue,Can't Say,True,Can't Say,True,Can't Say,True,Can't Say,True,Can't Say,True,Can't Say,True,Can't Say,True,True,Can't Say,1
IN26022814361517871108,cx,Misshipment,Misshipment,Misshipment,True,Misshipment,True,Misshipment,True,Misshipment,True,Misshipment,True,Misshipment,True,Misshipment,True,True,Misshipment,4
IN26022814361517871108,obd,Can't Say,Misshipment,Can't Say,True,Can't Say,True,Can't Say,True,Can't Say,True,Can't Say,True,Can't Say,True,Can't Say,True,True,Can't Say,1
IN26022814385278196059,cx,Can't Say,Can't Say,Can't Say,True,Can't Say,True,Can't Say,True,Can't Say,True,Can't Say,True,Can't Say,True,Can't Say,True,True,Can't Say,3
IN26022814385278196059,obd,Can't Say,Misshipment,No Issue,False,No Issue,False,No Issue,False,No Issue,False,No Issue,False,No Issue,False,No Issue,False,True,No Issue,1
IN26022814393124071935,cx,Misshipment,Misshipment,Misshipment,True,Misshipment,True,Misshipment,True,Misshipment,True,Misshipment,True,Misshipment,True,Misshipment,True,True,Misshipment,4
IN26022814393124071935,obd,Can't Say,Misshipment,Can't Say,True,Can't Say,True,Can't Say,True,Can't Say,True,Can't Say,True,Can't Say,True,Can't Say,True,True,Can't Say,1
IN26022814403182069811,cx,No Issue,Misshipment,Misshipment,False,Misshipment,False,Misshipment,False,Misshipment,False,Misshipment,False,Misshipment,False,Misshipment,False,True,Misshipment,4
IN26022814403182069811,obd,Can't Say,Can't Say,No Issue,False,No Issue,False,No Issue,False,No Issue,False,No Issue,False,No Issue,False,No Issue,False,True,No Issue,1
IN26022814420118869715,cx,No Issue,Misshipment,No Issue,True,Misshipment,False,Misshipment,False,Misshipment,False,Misshipment,False,Misshipment,False,No Issue,True,False,Misshipment|No Issue,3
IN26022814420118869715,obd,Can't Say,Can't Say,No Issue,False,No Issue,False,No Issue,False,No Issue,False,No Issue,False,No Issue,False,No Issue,False,True,No Issue,1
IN26022814444978494323,cx,Misshipment,Misshipment,Misshipment,True,Misshipment,True,Misshipment,True,Misshipment,True,Misshipment,True,Misshipment,True,Misshipment,True,True,Misshipment,3
IN26022814444978494323,obd,Can't Say,Misshipment,No Issue,False,No Issue,False,No Issue,False,No Issue,False,No Issue,False,No Issue,False,No Issue,False,True,No Issue,1
IN26022814454591660322,cx,Can't Say,Can't Say,Can't Say,True,Can't Say,True,Can't Say,True,Can't Say,True,Can't Say,True,Can't Say,True,Can't Say,True,True,Can't Say,4
IN26022814454591660322,obd,Misshipment,Misshipment,Misshipment,True,Misshipment,True,Misshipment,True,Misshipment,True,Misshipment,True,Misshipment,True,Misshipment,True,True,Misshipment,2
IN26022814461416173352,cx,Misshipment,Misshipment,Misshipment,True,Misshipment,True,Misshipment,True,Misshipment,True,Misshipment,True,Misshipment,True,Misshipment,True,True,Misshipment,4
IN26022814461416173352,obd,Misshipment,No Issue,Misshipment,True,Misshipment,True,Misshipment,True,Misshipment,True,Misshipment,True,Misshipment,True,Misshipment,True,True,Misshipment,2
IN26022814482221420987,cx,Minor Damage,Minor Damage,Can't Say,False,Can't Say,False,Can't Say,False,No Issue,False,Can't Say,False,No Issue,False,No Issue,False,False,Can't Say|No Issue,4
IN26022814482221420987,obd,Can't Say,No Issue,Can't Say,True,Can't Say,True,Can't Say,True,Can't Say,True,Can't Say,True,Can't Say,True,Can't Say,True,True,Can't Say,1
IN26022814482990240385,cx,No Issue,No Issue,No Issue,True,No Issue,True,No Issue,True,No Issue,True,No Issue,True,No Issue,True,No Issue,True,True,No Issue,3
IN26022814482990240385,obd,Misshipment,No Issue,Misshipment,True,Misshipment,True,Misshipment,True,Misshipment,True,Misshipment,True,Misshipment,True,Misshipment,True,True,Misshipment,2
IN26022814491752190717,cx,Misshipment,Misshipment,Misshipment,True,Misshipment,True,Misshipment,True,Misshipment,True,Misshipment,True,Misshipment,True,Misshipment,True,True,Misshipment,4
IN26022814491752190717,obd,Can't Say,Misshipment,Can't Say,True,Can't Say,True,Can't Say,True,Can't Say,True,Can't Say,True,Can't Say,True,Can't Say,True,True,Can't Say,1
IN26022814513897614616,cx,Misshipment,Misshipment,Misshipment,True,Misshipment,True,Misshipment,True,Misshipment,True,Misshipment,True,Misshipment,True,Misshipment,True,True,Misshipment,4
IN26022814513897614616,obd,Can't Say,Can't Say,Misshipment,False,Misshipment,False,Misshipment,False,Misshipment,False,,,Misshipment,False,Misshipment,False,True,Misshipment,2
IN26022814523145906220,cx,Misshipment,No Issue,Misshipment,True,Misshipment,True,Misshipment,True,Misshipment,True,Misshipment,True,Misshipment,True,Misshipment,True,True,Misshipment,3
IN26022814523145906220,obd,Misshipment,No Issue,Misshipment,True,Misshipment,True,Misshipment,True,Misshipment,True,Misshipment,True,Misshipment,True,Misshipment,True,True,Misshipment,2
IN26022814534667220222,cx,Misshipment,Misshipment,Misshipment,True,Misshipment,True,Misshipment,True,Misshipment,True,Misshipment,True,Misshipment,True,Misshipment,True,True,Misshipment,4
IN26022814534667220222,obd,Can't Say,Can't Say,No Issue,False,No Issue,False,No Issue,False,No Issue,False,No Issue,False,No Issue,False,No Issue,False,True,No Issue,1
IN26022814594872567373,cx,No Issue,No Issue,No Issue,True,No Issue,True,No Issue,True,No Issue,True,No Issue,True,No Issue,True,No Issue,True,True,No Issue,3
IN26022814594872567373,obd,Can't Say,Misshipment,Can't Say,True,Can't Say,True,Can't Say,True,Can't Say,True,Can't Say,True,Can't Say,True,Can't Say,True,True,Can't Say,1
IN26022814595463460054,cx,Misshipment,Misshipment,Misshipment,True,Misshipment,True,Misshipment,True,Misshipment,True,Misshipment,True,Misshipment,True,Misshipment,True,True,Misshipment,3
IN26022814595463460054,obd,Can't Say,Misshipment,Can't Say,True,Can't Say,True,Can't Say,True,Can't Say,True,Can't Say,True,Can't Say,True,Can't Say,True,True,Can't Say,1
IN26022815010896785425,cx,No Issue,Minor Damage,Misshipment,False,No Issue,True,Misshipment,False,Misshipment,False,Misshipment,False,Misshipment,False,Misshipment,False,False,Misshipment|No Issue,4
IN26022815010896785425,obd,Can't Say,No Issue,No Issue,False,No Issue,False,No Issue,False,No Issue,False,No Issue,False,No Issue,False,No Issue,False,True,No Issue,1
IN26022815020650970041,cx,No Issue,No Issue,Misshipment,False,Misshipment,False,Misshipment,False,Misshipment,False,Misshipment,False,Misshipment,False,Misshipment,False,True,Misshipment,4
IN26022815020650970041,obd,Can't Say,Can't Say,No Issue,False,No Issue,False,No Issue,False,No Issue,False,No Issue,False,No Issue,False,No Issue,False,True,No Issue,1
IN26022815033128118523,cx,Misshipment,Misshipment,Misshipment,True,Misshipment,True,Misshipment,True,Misshipment,True,Misshipment,True,Misshipment,True,Misshipment,True,True,Misshipment,4
IN26022815033128118523,obd,Can't Say,Misshipment,Can't Say,True,Can't Say,True,Can't Say,True,Can't Say,True,Can't Say,True,Can't Say,True,Can't Say,True,True,Can't Say,1
IN26022815040584669886,cx,Misshipment,Misshipment,Misshipment,True,Misshipment,True,Misshipment,True,Misshipment,True,Misshipment,True,Misshipment,True,Misshipment,True,True,Misshipment,4
IN26022815040584669886,obd,Can't Say,No Issue,Can't Say,True,Can't Say,True,Can't Say,True,Can't Say,True,Can't Say,True,Can't Say,True,Can't Say,True,True,Can't Say,2
IN26022815054575115471,cx,Misshipment,Misshipment,Misshipment,True,Misshipment,True,Misshipment,True,Misshipment,True,Misshipment,True,Misshipment,True,Misshipment,True,True,Misshipment,4
IN26022815054575115471,obd,Can't Say,Misshipment,Can't Say,True,Can't Say,True,Can't Say,True,Can't Say,True,Can't Say,True,Can't Say,True,Can't Say,True,True,Can't Say,1
IN26022815085921521596,cx,Misshipment,Misshipment,Misshipment,True,Misshipment,True,Misshipment,True,Misshipment,True,Misshipment,True,Misshipment,True,Misshipment,True,True,Misshipment,3
IN26022815085921521596,obd,Can't Say,Misshipment,No Issue,False,No Issue,False,No Issue,False,No Issue,False,No Issue,False,No Issue,False,No Issue,False,True,No Issue,1
IN26022815094714049622,cx,Misshipment,Misshipment,No Issue,False,No Issue,False,No Issue,False,No Issue,False,No Issue,False,No Issue,False,No Issue,False,True,No Issue,3
IN26022815094714049622,obd,Can't Say,Can't Say,No Issue,False,Can't Say,True,No Issue,False,Can't Say,True,Can't Say,True,Can't Say,True,Can't Say,True,False,Can't Say|No Issue,2
IN26022815102804948552,cx,Misshipment,Misshipment,Misshipment,True,Misshipment,True,Misshipment,True,Misshipment,True,Misshipment,True,Misshipment,True,Misshipment,True,True,Misshipment,4
IN26022815102804948552,obd,Can't Say,No Issue,Can't Say,True,Can't Say,True,Can't Say,True,Can't Say,True,Can't Say,True,Can't Say,True,Can't Say,True,True,Can't Say,1
IN26022815105422160486,cx,Can't Say,No Issue,No Issue,False,No Issue,False,No Issue,False,No Issue,False,No Issue,False,No Issue,False,No Issue,False,True,No Issue,3
IN26022815105422160486,obd,Can't Say,Can't Say,No Issue,False,No Issue,False,No Issue,False,No Issue,False,No Issue,False,No Issue,False,No Issue,False,True,No Issue,1
IN26022815120301368154,cx,No Issue,Misshipment,No Issue,True,No Issue,True,No Issue,True,No Issue,True,No Issue,True,No Issue,True,No Issue,True,True,No Issue,4
IN26022815120301368154,obd,Can't Say,Misshipment,Can't Say,True,Can't Say,True,Can't Say,True,Can't Say,True,Can't Say,True,Can't Say,True,Can't Say,True,True,Can't Say,1
IN26022815131761252186,cx,Can't Say,No Issue,Can't Say,True,Can't Say,True,Can't Say,True,Can't Say,True,Can't Say,True,Can't Say,True,Can't Say,True,True,Can't Say,3
IN26022815131761252186,obd,No Issue,No Issue,No Issue,True,No Issue,True,No Issue,True,No Issue,True,No Issue,True,No Issue,True,No Issue,True,True,No Issue,2
IN26022815153346429887,cx,Misshipment,Misshipment,Misshipment,True,Misshipment,True,Misshipment,True,Misshipment,True,Misshipment,True,Misshipment,True,Misshipment,True,True,Misshipment,3
IN26022815153346429887,obd,Can't Say,Misshipment,No Issue,False,No Issue,False,No Issue,False,No Issue,False,No Issue,False,No Issue,False,No Issue,False,True,No Issue,1
IN26022815161540374329,cx,Misshipment,Misshipment,Misshipment,True,Misshipment,True,Misshipment,True,Misshipment,True,Misshipment,True,Misshipment,True,Misshipment,True,True,Misshipment,4
IN26022815161540374329,obd,Can't Say,Misshipment,No Issue,False,No Issue,False,No Issue,False,No Issue,False,No Issue,False,No Issue,False,No Issue,False,True,No Issue,1
IN26022815170057358995,cx,Multiple Issue,Misshipment,Multiple Issue,True,Multiple Issue,True,Multiple Issue,True,Multiple Issue,True,Multiple Issue,True,Multiple Issue,True,Multiple Issue,True,True,Multiple Issue,3
IN26022815170057358995,obd,Can't Say,No Issue,Can't Say,True,Can't Say,True,Can't Say,True,Can't Say,True,Can't Say,True,Can't Say,True,Can't Say,True,True,Can't Say,1
IN26022815191362235137,cx,No Issue,No Issue,No Issue,True,No Issue,True,No Issue,True,No Issue,True,No Issue,True,No Issue,True,No Issue,True,True,No Issue,3
IN26022815191362235137,obd,Can't Say,No Issue,No Issue,False,No Issue,False,No Issue,False,No Issue,False,No Issue,False,No Issue,False,No Issue,False,True,No Issue,1
IN26022815214401553895,cx,Misshipment,Misshipment,Misshipment,True,Misshipment,True,Misshipment,True,Misshipment,True,Misshipment,True,Misshipment,True,Misshipment,True,True,Misshipment,3
IN26022815214401553895,obd,Can't Say,Misshipment,Can't Say,True,Can't Say,True,Can't Say,True,Can't Say,True,Can't Say,True,Can't Say,True,Can't Say,True,True,Can't Say,1
IN26022815224787077725,cx,Misshipment,Misshipment,Misshipment,True,Misshipment,True,Misshipment,True,Misshipment,True,Misshipment,True,Misshipment,True,Misshipment,True,True,Misshipment,3
IN26022815224787077725,obd,Can't Say,No Issue,Can't Say,True,Can't Say,True,Can't Say,True,Can't Say,True,Can't Say,True,Can't Say,True,Can't Say,True,True,Can't Say,1
IN26022815371190405461,cx,Misshipment,Misshipment,Misshipment,True,Misshipment,True,Misshipment,True,Misshipment,True,Misshipment,True,Misshipment,True,Misshipment,True,True,Misshipment,3
IN26022815371190405461,obd,Can't Say,Misshipment,Can't Say,True,Can't Say,True,Can't Say,True,Can't Say,True,Can't Say,True,Can't Say,True,Can't Say,True,True,Can't Say,1
IN26022815375284896473,cx,No Issue,Major Damage,No Issue,True,No Issue,True,No Issue,True,No Issue,True,No Issue,True,No Issue,True,No Issue,True,True,No Issue,3
IN26022815375284896473,obd,No Issue,No Issue,No Issue,True,No Issue,True,No Issue,True,No Issue,True,No Issue,True,No Issue,True,No Issue,True,True,No Issue,2
IN26022815402254402167,cx,Misshipment,Misshipment,Can't Say,False,Can't Say,False,Misshipment,True,Can't Say,False,Misshipment,True,Can't Say,False,Can't Say,False,False,Can't Say|Misshipment,3
IN26022815402254402167,obd,Can't Say,Misshipment,Can't Say,True,Can't Say,True,Can't Say,True,Can't Say,True,Can't Say,True,Can't Say,True,Can't Say,True,True,Can't Say,1
IN26022815443639812706,cx,No Issue,No Issue,Major Damage,False,Major Damage,False,Major Damage,False,Major Damage,False,Major Damage,False,Major Damage,False,Major Damage,False,True,Major Damage,3
IN26022815443639812706,obd,Can't Say,Misshipment,Can't Say,True,Can't Say,True,Can't Say,True,Can't Say,True,Can't Say,True,Can't Say,True,Can't Say,True,True,Can't Say,1
IN26022815444108775571,cx,No Issue,No Issue,No Issue,True,No Issue,True,No Issue,True,No Issue,True,No Issue,True,No Issue,True,No Issue,True,True,No Issue,4
IN26022815444108775571,obd,Can't Say,Can't Say,No Issue,False,No Issue,False,No Issue,False,No Issue,False,No Issue,False,No Issue,False,No Issue,False,True,No Issue,1
IN26022815460671554349,cx,Misshipment,Misshipment,Misshipment,True,Misshipment,True,Misshipment,True,Misshipment,True,Misshipment,True,Misshipment,True,Misshipment,True,True,Misshipment,4
IN26022815460671554349,obd,Misshipment,Misshipment,Can't Say,False,Can't Say,False,Can't Say,False,Can't Say,False,Can't Say,False,Can't Say,False,Can't Say,False,True,Can't Say,2
IN26022815510429636506,cx,Can't Say,No Issue,No Issue,False,No Issue,False,No Issue,False,No Issue,False,No Issue,False,No Issue,False,No Issue,False,True,No Issue,3
IN26022815510429636506,obd,Can't Say,No Issue,Can't Say,True,Can't Say,True,Can't Say,True,Can't Say,True,Can't Say,True,Can't Say,True,Can't Say,True,True,Can't Say,1
IN26022815531701684987,cx,Misshipment,No Issue,Misshipment,True,Misshipment,True,Misshipment,True,Misshipment,True,Misshipment,True,Misshipment,True,Misshipment,True,True,Misshipment,4
IN26022815531701684987,obd,Can't Say,No Issue,Can't Say,True,Can't Say,True,Can't Say,True,Can't Say,True,Can't Say,True,Can't Say,True,Can't Say,True,True,Can't Say,1
IN26022815555158745021,cx,Misshipment,Multiple Issue,Misshipment,True,Misshipment,True,Misshipment,True,Misshipment,True,Misshipment,True,Misshipment,True,Misshipment,True,True,Misshipment,4
IN26022815555158745021,obd,Can't Say,Can't Say,No Issue,False,No Issue,False,No Issue,False,No Issue,False,No Issue,False,No Issue,False,No Issue,False,True,No Issue,1
IN26022815572550216208,cx,Can't Say,Can't Say,Can't Say,True,Can't Say,True,Can't Say,True,Can't Say,True,Can't Say,True,Can't Say,True,Can't Say,True,True,Can't Say,3
IN26022815572550216208,obd,Misshipment,Misshipment,Misshipment,True,Misshipment,True,Misshipment,True,Misshipment,True,Misshipment,True,Misshipment,True,Misshipment,True,True,Misshipment,2
IN26022815581698126187,cx,No Issue,No Issue,No Issue,True,No Issue,True,No Issue,True,No Issue,True,No Issue,True,No Issue,True,No Issue,True,True,No Issue,3
IN26022815581698126187,obd,No Issue,No Issue,No Issue,True,No Issue,True,No Issue,True,No Issue,True,No Issue,True,No Issue,True,No Issue,True,True,No Issue,2
IN26022816002445470758,cx,Misshipment,Misshipment,Misshipment,True,No Issue,False,Misshipment,True,No Issue,False,Misshipment,True,Misshipment,True,Misshipment,True,False,Misshipment|No Issue,4
IN26022816002445470758,obd,Can't Say,Misshipment,No Issue,False,No Issue,False,No Issue,False,No Issue,False,No Issue,False,No Issue,False,No Issue,False,True,No Issue,1
IN26022816081589816194,cx,Misshipment,Misshipment,Misshipment,True,Misshipment,True,Misshipment,True,Misshipment,True,Misshipment,True,Misshipment,True,Misshipment,True,True,Misshipment,3
IN26022816081589816194,obd,Can't Say,Misshipment,No Issue,False,No Issue,False,No Issue,False,No Issue,False,No Issue,False,No Issue,False,No Issue,False,True,No Issue,1
IN26022816095090830225,cx,Can't Say,Can't Say,Can't Say,True,Can't Say,True,Can't Say,True,Can't Say,True,Can't Say,True,Can't Say,True,Can't Say,True,True,Can't Say,3
IN26022816095090830225,obd,Can't Say,No Issue,No Issue,False,No Issue,False,No Issue,False,No Issue,False,No Issue,False,No Issue,False,No Issue,False,True,No Issue,2
IN26022816220726151340,cx,Misshipment,Misshipment,Misshipment,True,Misshipment,True,Misshipment,True,Misshipment,True,Misshipment,True,Misshipment,True,Misshipment,True,True,Misshipment,3
IN26022816220726151340,obd,Can't Say,Misshipment,No Issue,False,No Issue,False,No Issue,False,No Issue,False,No Issue,False,No Issue,False,No Issue,False,True,No Issue,1
IN26022816251341760256,cx,No Issue,No Issue,No Issue,True,No Issue,True,No Issue,True,No Issue,True,No Issue,True,No Issue,True,No Issue,True,True,No Issue,4
IN26022816251341760256,obd,No Issue,No Issue,No Issue,True,No Issue,True,No Issue,True,No Issue,True,No Issue,True,No Issue,True,No Issue,True,True,No Issue,2
IN26022816290452545525,cx,Can't Say,Can't Say,Misshipment,False,Misshipment,False,Misshipment,False,Misshipment,False,Misshipment,False,Misshipment,False,Misshipment,False,True,Misshipment,3
IN26022816290452545525,obd,Can't Say,No Issue,Can't Say,True,Can't Say,True,No Issue,False,No Issue,False,Can't Say,True,Can't Say,True,Can't Say,True,False,Can't Say|No Issue,1
IN26022816315017503543,cx,No Issue,Misshipment,No Issue,True,No Issue,True,No Issue,True,No Issue,True,No Issue,True,No Issue,True,No Issue,True,True,No Issue,3
IN26022816315017503543,obd,Can't Say,No Issue,Can't Say,True,Can't Say,True,Can't Say,True,Can't Say,True,Can't Say,True,Can't Say,True,Can't Say,True,True,Can't Say,1
IN26022816325157979623,cx,Can't Say,Misshipment,Misshipment,False,Misshipment,False,Misshipment,False,Misshipment,False,Misshipment,False,Misshipment,False,Misshipment,False,True,Misshipment,3
IN26022816325157979623,obd,Misshipment,Misshipment,Multiple Issue,False,Multiple Issue,False,Multiple Issue,False,Misshipment,True,Misshipment,True,Misshipment,True,Multiple Issue,False,False,Misshipment|Multiple Issue,2
IN26022816341461094148,cx,No Issue,No Issue,No Issue,True,No Issue,True,No Issue,True,No Issue,True,No Issue,True,No Issue,True,No Issue,True,True,No Issue,3
IN26022816341461094148,obd,Can't Say,No Issue,No Issue,False,No Issue,False,No Issue,False,No Issue,False,No Issue,False,Can't Say,True,Can't Say,True,False,Can't Say|No Issue,1
IN26022816420973049512,cx,Multiple Issue,Misshipment,Multiple Issue,True,Multiple Issue,True,Multiple Issue,True,Multiple Issue,True,Multiple Issue,True,Multiple Issue,True,Multiple Issue,True,True,Multiple Issue,4
IN26022816420973049512,obd,Can't Say,No Issue,No Issue,False,No Issue,False,No Issue,False,No Issue,False,No Issue,False,No Issue,False,No Issue,False,True,No Issue,1
IN26022816445167757362,cx,Misshipment,Misshipment,Misshipment,True,Misshipment,True,Misshipment,True,Misshipment,True,Misshipment,True,Misshipment,True,Misshipment,True,True,Misshipment,4
IN26022816445167757362,obd,Can't Say,No Issue,Can't Say,True,Can't Say,True,Can't Say,True,Can't Say,True,Can't Say,True,Can't Say,True,Can't Say,True,True,Can't Say,1
IN26022816544310109160,cx,Misshipment,Misshipment,Misshipment,True,Misshipment,True,Misshipment,True,Misshipment,True,Misshipment,True,Misshipment,True,Misshipment,True,True,Misshipment,3
IN26022816544310109160,obd,Can't Say,No Issue,Can't Say,True,Can't Say,True,Can't Say,True,Can't Say,True,Can't Say,True,Can't Say,True,Can't Say,True,True,Can't Say,2
IN26022816545347383137,cx,Misshipment,Misshipment,Can't Say,False,Can't Say,False,Can't Say,False,Can't Say,False,Can't Say,False,Can't Say,False,Can't Say,False,True,Can't Say,3
IN26022816545347383137,obd,Can't Say,Misshipment,No Issue,False,No Issue,False,No Issue,False,No Issue,False,No Issue,False,No Issue,False,No Issue,False,True,No Issue,1
IN26022816591678681463,cx,Misshipment,Misshipment,Misshipment,True,Misshipment,True,Misshipment,True,Misshipment,True,Misshipment,True,Misshipment,True,Misshipment,True,True,Misshipment,4
IN26022816591678681463,obd,Can't Say,Can't Say,Can't Say,True,Can't Say,True,Can't Say,True,Can't Say,True,Can't Say,True,Can't Say,True,Can't Say,True,True,Can't Say,1
IN26022817013698950021,cx,Misshipment,Misshipment,No Issue,False,No Issue,False,No Issue,False,No Issue,False,No Issue,False,No Issue,False,No Issue,False,True,No Issue,3
IN26022817013698950021,obd,No Issue,Misshipment,No Issue,True,No Issue,True,No Issue,True,No Issue,True,No Issue,True,No Issue,True,No Issue,True,True,No Issue,2
IN26022817052700645724,cx,Can't Say,Can't Say,Can't Say,True,Can't Say,True,Can't Say,True,Can't Say,True,Can't Say,True,Can't Say,True,Can't Say,True,True,Can't Say,4
IN26022817052700645724,obd,Can't Say,No Issue,Can't Say,True,Can't Say,True,Can't Say,True,Can't Say,True,Can't Say,True,Can't Say,True,Can't Say,True,True,Can't Say,1
IN26022817054291711760,cx,Misshipment,Misshipment,No Issue,False,No Issue,False,Misshipment,True,Misshipment,True,Misshipment,True,Misshipment,True,No Issue,False,False,Misshipment|No Issue,3
IN26022817054291711760,obd,Can't Say,Can't Say,Can't Say,True,Can't Say,True,Can't Say,True,Can't Say,True,Can't Say,True,Can't Say,True,Can't Say,True,True,Can't Say,1
IN26022817101341644773,cx,Misshipment,Misshipment,Misshipment,True,Misshipment,True,Misshipment,True,Misshipment,True,Misshipment,True,Misshipment,True,Misshipment,True,True,Misshipment,3
IN26022817101341644773,obd,Can't Say,Can't Say,Can't Say,True,Can't Say,True,Can't Say,True,Can't Say,True,Can't Say,True,Can't Say,True,Can't Say,True,True,Can't Say,1
IN26022817121675254890,cx,Misshipment,Misshipment,Misshipment,True,Misshipment,True,Misshipment,True,Misshipment,True,Misshipment,True,Misshipment,True,Misshipment,True,True,Misshipment,4
IN26022817121675254890,obd,Can't Say,Misshipment,Can't Say,True,Can't Say,True,Can't Say,True,Can't Say,True,Can't Say,True,Can't Say,True,Can't Say,True,True,Can't Say,1
IN26022817135444991329,cx,Misshipment,Misshipment,Misshipment,True,Misshipment,True,Misshipment,True,Misshipment,True,Misshipment,True,Misshipment,True,Misshipment,True,True,Misshipment,4
IN26022817135444991329,obd,Misshipment,Misshipment,Misshipment,True,Misshipment,True,Misshipment,True,Misshipment,True,Misshipment,True,Misshipment,True,Misshipment,True,True,Misshipment,2
IN26022817175984939973,cx,No Issue,Misshipment,No Issue,True,No Issue,True,No Issue,True,No Issue,True,No Issue,True,No Issue,True,No Issue,True,True,No Issue,4
IN26022817175984939973,obd,Can't Say,Can't Say,Can't Say,True,Can't Say,True,Can't Say,True,Can't Say,True,Can't Say,True,Can't Say,True,Can't Say,True,True,Can't Say,1
IN26022817182451964955,cx,No Issue,Misshipment,No Issue,True,No Issue,True,No Issue,True,No Issue,True,No Issue,True,No Issue,True,No Issue,True,True,No Issue,4
IN26022817182451964955,obd,Misshipment,No Issue,No Issue,False,No Issue,False,No Issue,False,No Issue,False,No Issue,False,No Issue,False,No Issue,False,True,No Issue,2
IN26022817274659687342,cx,Misshipment,Misshipment,Misshipment,True,Misshipment,True,Misshipment,True,Misshipment,True,Misshipment,True,Misshipment,True,Misshipment,True,True,Misshipment,3
IN26022817274659687342,obd,Can't Say,Misshipment,No Issue,False,No Issue,False,No Issue,False,No Issue,False,No Issue,False,No Issue,False,No Issue,False,True,No Issue,1
IN26022817322373954224,cx,Misshipment,Misshipment,Misshipment,True,Misshipment,True,Misshipment,True,Misshipment,True,Misshipment,True,Misshipment,True,Misshipment,True,True,Misshipment,4
IN26022817322373954224,obd,Can't Say,Can't Say,Can't Say,True,Can't Say,True,Can't Say,True,Can't Say,True,Can't Say,True,Can't Say,True,Can't Say,True,True,Can't Say,1
IN26022817333352350665,cx,Minor Missing,Misshipment,No Issue,False,No Issue,False,No Issue,False,No Issue,False,No Issue,False,No Issue,False,No Issue,False,True,No Issue,3
IN26022817333352350665,obd,Can't Say,Misshipment,No Issue,False,No Issue,False,No Issue,False,No Issue,False,No Issue,False,No Issue,False,No Issue,False,True,No Issue,1
IN26022817451634192461,cx,Can't Say,Can't Say,Misshipment,False,Misshipment,False,Misshipment,False,Misshipment,False,Misshipment,False,Misshipment,False,Misshipment,False,True,Misshipment,3
IN26022817451634192461,obd,Can't Say,Can't Say,Can't Say,True,Can't Say,True,Can't Say,True,Can't Say,True,Can't Say,True,Can't Say,True,Can't Say,True,True,Can't Say,2
IN26022817515001804901,cx,Misshipment,Misshipment,Misshipment,True,Misshipment,True,Misshipment,True,Misshipment,True,Misshipment,True,Misshipment,True,Misshipment,True,True,Misshipment,3
IN26022817515001804901,obd,Can't Say,Misshipment,No Issue,False,No Issue,False,No Issue,False,No Issue,False,No Issue,False,No Issue,False,No Issue,False,True,No Issue,1
IN26022817520460308103,cx,Misshipment,Misshipment,Misshipment,True,Misshipment,True,Misshipment,True,Misshipment,True,Misshipment,True,Misshipment,True,Misshipment,True,True,Misshipment,3
IN26022817520460308103,obd,Misshipment,Misshipment,Misshipment,True,Misshipment,True,Misshipment,True,Misshipment,True,Misshipment,True,Misshipment,True,Misshipment,True,True,Misshipment,2
IN26022817580539146403,cx,Can't Say,Can't Say,Can't Say,True,Can't Say,True,Can't Say,True,Can't Say,True,Can't Say,True,Can't Say,True,Can't Say,True,True,Can't Say,1
IN26022817580539146403,obd,Misshipment,Misshipment,Misshipment,True,Misshipment,True,Misshipment,True,Misshipment,True,Misshipment,True,Misshipment,True,Misshipment,True,True,Misshipment,2
IN26022818015554713857,cx,No Issue,No Issue,Misshipment,False,Misshipment,False,Misshipment,False,No Issue,True,No Issue,True,No Issue,True,No Issue,True,False,Misshipment|No Issue,4
IN26022818015554713857,obd,Can't Say,Can't Say,Can't Say,True,Can't Say,True,Can't Say,True,Can't Say,True,Can't Say,True,Can't Say,True,Can't Say,True,True,Can't Say,1
IN26022818035814182396,cx,No Issue,No Issue,No Issue,True,No Issue,True,No Issue,True,No Issue,True,No Issue,True,No Issue,True,No Issue,True,True,No Issue,3
IN26022818035814182396,obd,Can't Say,No Issue,No Issue,False,No Issue,False,No Issue,False,No Issue,False,No Issue,False,No Issue,False,No Issue,False,True,No Issue,2
IN26022818050359616985,cx,Can't Say,Can't Say,Can't Say,True,Can't Say,True,Can't Say,True,Can't Say,True,Can't Say,True,Can't Say,True,Can't Say,True,True,Can't Say,3
IN26022818050359616985,obd,Can't Say,Can't Say,Can't Say,True,Can't Say,True,Can't Say,True,Can't Say,True,Can't Say,True,Can't Say,True,Can't Say,True,True,Can't Say,2
IN26022818113411716706,cx,No Issue,No Issue,No Issue,True,No Issue,True,No Issue,True,No Issue,True,No Issue,True,No Issue,True,No Issue,True,True,No Issue,3
IN26022818113411716706,obd,Can't Say,No Issue,Can't Say,True,Can't Say,True,Can't Say,True,Can't Say,True,Can't Say,True,Can't Say,True,Can't Say,True,True,Can't Say,1
IN26022818133247505589,cx,Can't Say,Misshipment,No Issue,False,No Issue,False,No Issue,False,No Issue,False,Can't Say,True,No Issue,False,No Issue,False,False,Can't Say|No Issue,3
IN26022818133247505589,obd,Can't Say,Misshipment,Can't Say,True,Can't Say,True,Can't Say,True,Can't Say,True,Can't Say,True,Can't Say,True,Can't Say,True,True,Can't Say,1
IN26022818143172376577,cx,Can't Say,Can't Say,Can't Say,True,Can't Say,True,Can't Say,True,Can't Say,True,Can't Say,True,Can't Say,True,Can't Say,True,True,Can't Say,4
IN26022818143172376577,obd,No Issue,No Issue,Can't Say,False,Can't Say,False,Can't Say,False,Can't Say,False,Can't Say,False,Can't Say,False,Can't Say,False,True,Can't Say,2
IN26022818184127918499,cx,Major Missing,Misshipment,Major Missing,True,Misshipment,False,Major Missing,True,Misshipment,False,Major Missing,True,Misshipment,False,Misshipment,False,False,Major Missing|Misshipment,3
IN26022818184127918499,obd,Can't Say,No Issue,No Issue,False,No Issue,False,No Issue,False,No Issue,False,No Issue,False,No Issue,False,No Issue,False,True,No Issue,1
IN26022818195102711732,cx,Misshipment,Misshipment,Misshipment,True,Misshipment,True,Misshipment,True,Misshipment,True,Misshipment,True,Misshipment,True,Misshipment,True,True,Misshipment,3
IN26022818195102711732,obd,Can't Say,Misshipment,Can't Say,True,Can't Say,True,Can't Say,True,Can't Say,True,Can't Say,True,Can't Say,True,Can't Say,True,True,Can't Say,1
IN26022818213399338789,cx,No Issue,No Issue,No Issue,True,No Issue,True,No Issue,True,No Issue,True,No Issue,True,No Issue,True,No Issue,True,True,No Issue,3
IN26022818213399338789,obd,Can't Say,No Issue,Can't Say,True,Can't Say,True,Can't Say,True,Can't Say,True,Can't Say,True,Can't Say,True,Can't Say,True,True,Can't Say,1
IN26022818220780848375,cx,Can't Say,Can't Say,Can't Say,True,Can't Say,True,Can't Say,True,Can't Say,True,Can't Say,True,Can't Say,True,Can't Say,True,True,Can't Say,3
IN26022818220780848375,obd,Can't Say,Misshipment,Can't Say,True,Can't Say,True,Can't Say,True,Can't Say,True,Can't Say,True,Can't Say,True,Can't Say,True,True,Can't Say,1
IN26022818251027710218,cx,Misshipment,Misshipment,Misshipment,True,Misshipment,True,Misshipment,True,Misshipment,True,Misshipment,True,Misshipment,True,Misshipment,True,True,Misshipment,3
IN26022818251027710218,obd,Can't Say,No Issue,Can't Say,True,Can't Say,True,Can't Say,True,Can't Say,True,Can't Say,True,Can't Say,True,Can't Say,True,True,Can't Say,1
IN26022818341673915213,cx,Misshipment,Misshipment,No Issue,False,No Issue,False,No Issue,False,No Issue,False,No Issue,False,No Issue,False,No Issue,False,True,No Issue,4
IN26022818341673915213,obd,Can't Say,Can't Say,Can't Say,True,Can't Say,True,Can't Say,True,Can't Say,True,Can't Say,True,Can't Say,True,Can't Say,True,True,Can't Say,2
IN26022818360675409868,cx,No Issue,No Issue,No Issue,True,No Issue,True,No Issue,True,No Issue,True,No Issue,True,No Issue,True,No Issue,True,True,No Issue,4
IN26022818360675409868,obd,No Issue,No Issue,No Issue,True,No Issue,True,No Issue,True,No Issue,True,No Issue,True,No Issue,True,No Issue,True,True,No Issue,2
IN26022818370269167061,cx,Misshipment,Misshipment,Misshipment,True,Misshipment,True,Misshipment,True,Misshipment,True,Misshipment,True,Misshipment,True,Misshipment,True,True,Misshipment,3
IN26022818370269167061,obd,Misshipment,Misshipment,Misshipment,True,Misshipment,True,Misshipment,True,Misshipment,True,Misshipment,True,Misshipment,True,Misshipment,True,True,Misshipment,2
IN26022818462227606691,cx,No Issue,No Issue,No Issue,True,No Issue,True,No Issue,True,No Issue,True,No Issue,True,No Issue,True,No Issue,True,True,No Issue,4
IN26022818462227606691,obd,No Issue,No Issue,No Issue,True,Misshipment,False,Misshipment,False,No Issue,True,No Issue,True,No Issue,True,No Issue,True,False,Misshipment|No Issue,2
IN26022818523570819995,cx,Misshipment,Misshipment,Misshipment,True,Misshipment,True,Misshipment,True,Misshipment,True,Misshipment,True,Misshipment,True,Misshipment,True,True,Misshipment,3
IN26022818523570819995,obd,No Issue,No Issue,No Issue,True,No Issue,True,No Issue,True,No Issue,True,No Issue,True,No Issue,True,No Issue,True,True,No Issue,2
IN26022818524388100584,cx,Misshipment,Misshipment,Misshipment,True,Misshipment,True,Misshipment,True,Misshipment,True,Misshipment,True,Misshipment,True,Misshipment,True,True,Misshipment,3
IN26022818524388100584,obd,Can't Say,No Issue,No Issue,False,No Issue,False,No Issue,False,No Issue,False,No Issue,False,No Issue,False,No Issue,False,True,No Issue,1
IN26022818545243738786,cx,No Issue,Misshipment,No Issue,True,No Issue,True,No Issue,True,No Issue,True,No Issue,True,No Issue,True,No Issue,True,True,No Issue,4
IN26022818545243738786,obd,No Issue,No Issue,No Issue,True,No Issue,True,No Issue,True,No Issue,True,No Issue,True,No Issue,True,No Issue,True,True,No Issue,2
IN26022818572428283212,cx,No Issue,Misshipment,Misshipment,False,Misshipment,False,Misshipment,False,Misshipment,False,Misshipment,False,Misshipment,False,Misshipment,False,True,Misshipment,3
IN26022818572428283212,obd,Can't Say,Misshipment,Can't Say,True,Can't Say,True,Can't Say,True,Can't Say,True,Can't Say,True,Can't Say,True,Can't Say,True,True,Can't Say,1
IN26022819022644462594,cx,Misshipment,Misshipment,Misshipment,True,Misshipment,True,No Issue,False,Misshipment,True,No Issue,False,No Issue,False,No Issue,False,False,Misshipment|No Issue,4
IN26022819022644462594,obd,Misshipment,Misshipment,Misshipment,True,Misshipment,True,Misshipment,True,Misshipment,True,Misshipment,True,Misshipment,True,Misshipment,True,True,Misshipment,2
IN26022819104524647145,cx,Misshipment,Misshipment,Misshipment,True,Misshipment,True,Misshipment,True,Misshipment,True,Misshipment,True,Misshipment,True,Misshipment,True,True,Misshipment,4
IN26022819104524647145,obd,No Issue,No Issue,No Issue,True,No Issue,True,No Issue,True,No Issue,True,No Issue,True,No Issue,True,No Issue,True,True,No Issue,2
IN26022819104650810080,cx,Can't Say,Can't Say,Can't Say,True,Can't Say,True,Can't Say,True,Can't Say,True,Can't Say,True,Can't Say,True,Can't Say,True,True,Can't Say,3
IN26022819104650810080,obd,Can't Say,No Issue,No Issue,False,Can't Say,True,Can't Say,True,Can't Say,True,Can't Say,True,No Issue,False,No Issue,False,False,Can't Say|No Issue,1
IN26022819110990786492,cx,No Issue,No Issue,No Issue,True,No Issue,True,No Issue,True,No Issue,True,No Issue,True,No Issue,True,No Issue,True,True,No Issue,3
IN26022819110990786492,obd,Can't Say,No Issue,No Issue,False,No Issue,False,No Issue,False,No Issue,False,No Issue,False,No Issue,False,No Issue,False,True,No Issue,1
IN26022819111716413900,cx,Misshipment,Misshipment,Misshipment,True,Misshipment,True,Misshipment,True,Misshipment,True,Misshipment,True,Misshipment,True,Misshipment,True,True,Misshipment,3
IN26022819111716413900,obd,Can't Say,Can't Say,Can't Say,True,Can't Say,True,Can't Say,True,Can't Say,True,Can't Say,True,Can't Say,True,Can't Say,True,True,Can't Say,2
IN26022819141200578424,cx,Minor Damage,Minor Damage,Major Damage,False,Major Damage,False,Major Damage,False,Major Damage,False,Major Damage,False,Major Damage,False,Major Damage,False,True,Major Damage,3
IN26022819141200578424,obd,Can't Say,No Issue,No Issue,False,No Issue,False,No Issue,False,No Issue,False,No Issue,False,No Issue,False,No Issue,False,True,No Issue,2
IN26022819141446314820,cx,Can't Say,Can't Say,Can't Say,True,Can't Say,True,Can't Say,True,Can't Say,True,Can't Say,True,Can't Say,True,Can't Say,True,True,Can't Say,3
IN26022819141446314820,obd,No Issue,No Issue,Can't Say,False,No Issue,True,Can't Say,False,No Issue,True,No Issue,True,No Issue,True,Can't Say,False,False,Can't Say|No Issue,2
IN26022819150946560545,cx,Misshipment,Misshipment,Misshipment,True,Misshipment,True,Misshipment,True,Misshipment,True,Misshipment,True,Misshipment,True,Misshipment,True,True,Misshipment,2
IN26022819150946560545,obd,Can't Say,No Issue,Can't Say,True,Can't Say,True,Can't Say,True,Can't Say,True,Can't Say,True,Can't Say,True,Can't Say,True,True,Can't Say,1
IN26022819192154980839,cx,Misshipment,Misshipment,Misshipment,True,Misshipment,True,Misshipment,True,Misshipment,True,Misshipment,True,Misshipment,True,Misshipment,True,True,Misshipment,4
IN26022819192154980839,obd,No Issue,No Issue,No Issue,True,No Issue,True,No Issue,True,No Issue,True,No Issue,True,No Issue,True,No Issue,True,True,No Issue,2
IN26022819235620583858,cx,Misshipment,No Issue,Misshipment,True,Misshipment,True,Misshipment,True,Misshipment,True,Misshipment,True,Misshipment,True,Misshipment,True,True,Misshipment,4
IN26022819235620583858,obd,Can't Say,No Issue,Can't Say,True,Can't Say,True,Can't Say,True,Can't Say,True,Can't Say,True,Can't Say,True,Can't Say,True,True,Can't Say,1
IN26022819242525091057,cx,Misshipment,Misshipment,Misshipment,True,Misshipment,True,Misshipment,True,Misshipment,True,Misshipment,True,Misshipment,True,Misshipment,True,True,Misshipment,3
IN26022819242525091057,obd,Can't Say,Can't Say,Can't Say,True,Can't Say,True,Can't Say,True,Can't Say,True,Can't Say,True,Can't Say,True,Can't Say,True,True,Can't Say,2
IN26022819292406432252,cx,No Issue,No Issue,Misshipment,False,Misshipment,False,Misshipment,False,Misshipment,False,Misshipment,False,Misshipment,False,Misshipment,False,True,Misshipment,4
IN26022819292406432252,obd,No Issue,No Issue,No Issue,True,No Issue,True,No Issue,True,No Issue,True,No Issue,True,No Issue,True,No Issue,True,True,No Issue,2
IN26022819310527117143,cx,No Issue,No Issue,No Issue,True,No Issue,True,No Issue,True,No Issue,True,No Issue,True,No Issue,True,No Issue,True,True,No Issue,3
IN26022819310527117143,obd,No Issue,No Issue,Multiple Issue,False,Misshipment,False,Misshipment,False,Multiple Issue,False,Multiple Issue,False,Misshipment,False,Multiple Issue,False,False,Misshipment|Multiple Issue,2
IN26022819342590573012,cx,No Issue,No Issue,No Issue,True,No Issue,True,No Issue,True,No Issue,True,No Issue,True,No Issue,True,No Issue,True,True,No Issue,4
IN26022819342590573012,obd,Can't Say,No Issue,Can't Say,True,Can't Say,True,Can't Say,True,Can't Say,True,Can't Say,True,Can't Say,True,Can't Say,True,True,Can't Say,1
IN26022819375839906373,cx,Misshipment,Misshipment,Misshipment,True,Misshipment,True,Misshipment,True,Misshipment,True,Misshipment,True,Misshipment,True,Misshipment,True,True,Misshipment,4
IN26022819375839906373,obd,Can't Say,Misshipment,Can't Say,True,Can't Say,True,Can't Say,True,Can't Say,True,Can't Say,True,Can't Say,True,Can't Say,True,True,Can't Say,1
IN26022819481401239884,cx,Misshipment,Misshipment,Misshipment,True,Misshipment,True,Misshipment,True,Misshipment,True,Misshipment,True,Misshipment,True,Misshipment,True,True,Misshipment,3
IN26022819481401239884,obd,Can't Say,Can't Say,,,,,,,,,,,,,,,,,1
IN26022819571455252189,cx,Misshipment,Misshipment,Misshipment,True,Misshipment,True,Misshipment,True,Misshipment,True,Misshipment,True,Misshipment,True,Misshipment,True,True,Misshipment,3
IN26022819571455252189,obd,Misshipment,Misshipment,Misshipment,True,Misshipment,True,Misshipment,True,Misshipment,True,Misshipment,True,Misshipment,True,Misshipment,True,True,Misshipment,2
IN26022819590258743784,cx,Can't Say,Can't Say,No Issue,False,No Issue,False,No Issue,False,No Issue,False,No Issue,False,No Issue,False,No Issue,False,True,No Issue,4
IN26022819590258743784,obd,Can't Say,No Issue,Can't Say,True,Can't Say,True,Can't Say,True,Can't Say,True,Can't Say,True,Can't Say,True,Can't Say,True,True,Can't Say,2
IN26022819590563949728,cx,No Issue,No Issue,No Issue,True,No Issue,True,,,No Issue,True,No Issue,True,No Issue,True,No Issue,True,True,No Issue,4
IN26022819590563949728,obd,No Issue,No Issue,No Issue,True,No Issue,True,No Issue,True,No Issue,True,No Issue,True,No Issue,True,No Issue,True,True,No Issue,2
IN26022820075717466693,cx,Misshipment,Multiple Issue,Misshipment,True,Misshipment,True,Misshipment,True,Misshipment,True,Misshipment,True,Misshipment,True,Misshipment,True,True,Misshipment,4
IN26022820075717466693,obd,Can't Say,Can't Say,Can't Say,True,Can't Say,True,Can't Say,True,Can't Say,True,Can't Say,True,Can't Say,True,Can't Say,True,True,Can't Say,2
IN26022820132299143413,cx,Can't Say,Can't Say,Can't Say,True,Can't Say,True,Can't Say,True,Can't Say,True,Can't Say,True,Can't Say,True,Can't Say,True,True,Can't Say,3
IN26022820132299143413,obd,Misshipment,Misshipment,Misshipment,True,Misshipment,True,Misshipment,True,Misshipment,True,Misshipment,True,Misshipment,True,Misshipment,True,True,Misshipment,2
IN26022820191388556646,cx,Misshipment,Misshipment,Misshipment,True,Misshipment,True,Misshipment,True,Misshipment,True,Misshipment,True,Misshipment,True,Misshipment,True,True,Misshipment,3
IN26022820191388556646,obd,Can't Say,Can't Say,No Issue,False,No Issue,False,No Issue,False,No Issue,False,No Issue,False,No Issue,False,No Issue,False,True,No Issue,2
IN26022820215852148070,cx,No Issue,Misshipment,Misshipment,False,Misshipment,False,Misshipment,False,Misshipment,False,Misshipment,False,Misshipment,False,Misshipment,False,True,Misshipment,3
IN26022820215852148070,obd,Can't Say,Can't Say,Can't Say,True,Can't Say,True,Can't Say,True,Can't Say,True,Can't Say,True,Can't Say,True,Can't Say,True,True,Can't Say,2
IN26022820343629152699,cx,Misshipment,Misshipment,Misshipment,True,Misshipment,True,Misshipment,True,Misshipment,True,Misshipment,True,Misshipment,True,Misshipment,True,True,Misshipment,3
IN26022820343629152699,obd,Can't Say,Misshipment,Can't Say,True,Can't Say,True,Can't Say,True,Can't Say,True,Can't Say,True,Can't Say,True,Can't Say,True,True,Can't Say,2
IN26022820352655546062,cx,Misshipment,Misshipment,Misshipment,True,Misshipment,True,Misshipment,True,Misshipment,True,Misshipment,True,Misshipment,True,Misshipment,True,True,Misshipment,4
IN26022820352655546062,obd,Can't Say,Misshipment,Misshipment,False,Misshipment,False,Misshipment,False,Misshipment,False,Misshipment,False,Misshipment,False,Misshipment,False,True,Misshipment,2
IN26022820355574389645,cx,Misshipment,Misshipment,Misshipment,True,Misshipment,True,Misshipment,True,Misshipment,True,Misshipment,True,Misshipment,True,Misshipment,True,True,Misshipment,3
IN26022820355574389645,obd,Minor Missing,Minor Missing,Minor Missing,True,Minor Missing,True,Minor Missing,True,Minor Missing,True,Minor Missing,True,Minor Missing,True,Minor Missing,True,True,Minor Missing,2
IN26022820355897415915,cx,No Issue,No Issue,No Issue,True,No Issue,True,No Issue,True,No Issue,True,No Issue,True,No Issue,True,No Issue,True,True,No Issue,3
IN26022820355897415915,obd,Can't Say,Can't Say,Can't Say,True,Can't Say,True,Can't Say,True,Can't Say,True,Can't Say,True,Can't Say,True,Can't Say,True,True,Can't Say,2
IN26022820463331490240,cx,Misshipment,Misshipment,Misshipment,True,Misshipment,True,Misshipment,True,Misshipment,True,Misshipment,True,Misshipment,True,Misshipment,True,True,Misshipment,4
IN26022820463331490240,obd,No Issue,No Issue,No Issue,True,No Issue,True,No Issue,True,No Issue,True,No Issue,True,No Issue,True,No Issue,True,True,No Issue,2
IN26022820475856335436,cx,Misshipment,Misshipment,Misshipment,True,Misshipment,True,Misshipment,True,Misshipment,True,Misshipment,True,Misshipment,True,Misshipment,True,True,Misshipment,3
IN26022820475856335436,obd,Can't Say,Misshipment,No Issue,False,No Issue,False,No Issue,False,No Issue,False,No Issue,False,No Issue,False,No Issue,False,True,No Issue,1
IN26022820580890191559,cx,Misshipment,No Issue,Misshipment,True,Misshipment,True,Misshipment,True,Misshipment,True,Misshipment,True,Misshipment,True,Misshipment,True,True,Misshipment,4
IN26022820580890191559,obd,Misshipment,Can't Say,Misshipment,True,Misshipment,True,Misshipment,True,Misshipment,True,Misshipment,True,Misshipment,True,Misshipment,True,True,Misshipment,2
IN26022821140540256914,cx,Can't Say,Can't Say,No Issue,False,No Issue,False,No Issue,False,No Issue,False,No Issue,False,No Issue,False,No Issue,False,True,No Issue,3
IN26022821140540256914,obd,Misshipment,Misshipment,Misshipment,True,Misshipment,True,Misshipment,True,Misshipment,True,Misshipment,True,Misshipment,True,Misshipment,True,True,Misshipment,2
IN26022821140881743643,cx,Misshipment,Misshipment,Misshipment,True,Misshipment,True,Misshipment,True,Misshipment,True,Misshipment,True,Misshipment,True,Misshipment,True,True,Misshipment,3
IN26022821140881743643,obd,Misshipment,Misshipment,Misshipment,True,Misshipment,True,Misshipment,True,Misshipment,True,Misshipment,True,Misshipment,True,Misshipment,True,True,Misshipment,2
IN26022821143095179955,cx,Misshipment,Misshipment,Misshipment,True,Misshipment,True,Misshipment,True,Misshipment,True,Misshipment,True,Misshipment,True,Misshipment,True,True,Misshipment,4
IN26022821143095179955,obd,Misshipment,Misshipment,Misshipment,True,Misshipment,True,Misshipment,True,Misshipment,True,Misshipment,True,Misshipment,True,Misshipment,True,True,Misshipment,2
IN26022821152239728153,cx,Misshipment,Misshipment,Misshipment,True,Misshipment,True,Misshipment,True,Misshipment,True,Misshipment,True,Misshipment,True,Misshipment,True,True,Misshipment,4
IN26022821152239728153,obd,Minor Missing,Minor Missing,Misshipment,False,Misshipment,False,Misshipment,False,Misshipment,False,Misshipment,False,Misshipment,False,Misshipment,False,True,Misshipment,2
IN26022821203324888102,cx,Misshipment,Misshipment,Misshipment,True,Misshipment,True,Misshipment,True,Misshipment,True,Misshipment,True,Misshipment,True,Misshipment,True,True,Misshipment,4
IN26022821203324888102,obd,Can't Say,Can't Say,Can't Say,True,Can't Say,True,Can't Say,True,Can't Say,True,Can't Say,True,Can't Say,True,Can't Say,True,True,Can't Say,1
IN26022821210572296865,cx,Misshipment,Misshipment,Misshipment,True,Misshipment,True,Misshipment,True,Misshipment,True,Misshipment,True,Misshipment,True,Misshipment,True,True,Misshipment,3
IN26022821210572296865,obd,Misshipment,Misshipment,Misshipment,True,Minor Missing,False,Minor Missing,False,Misshipment,True,Misshipment,True,Misshipment,True,Misshipment,True,False,Minor Missing|Misshipment,2
IN26022821231927871369,cx,Misshipment,Misshipment,Misshipment,True,Misshipment,True,Misshipment,True,Misshipment,True,Misshipment,True,Misshipment,True,Misshipment,True,True,Misshipment,4
IN26022821231927871369,obd,No Issue,No Issue,No Issue,True,No Issue,True,No Issue,True,No Issue,True,No Issue,True,No Issue,True,No Issue,True,True,No Issue,2
IN26022821291489902024,cx,Can't Say,Can't Say,Can't Say,True,Can't Say,True,Can't Say,True,Can't Say,True,Can't Say,True,Can't Say,True,Can't Say,True,True,Can't Say,3
IN26022821291489902024,obd,No Issue,No Issue,No Issue,True,No Issue,True,No Issue,True,No Issue,True,No Issue,True,No Issue,True,No Issue,True,True,No Issue,2
IN26022821384652280763,cx,Misshipment,Misshipment,Multiple Issue,False,Multiple Issue,False,Multiple Issue,False,Multiple Issue,False,Multiple Issue,False,Multiple Issue,False,Multiple Issue,False,True,Multiple Issue,4
IN26022821384652280763,obd,Can't Say,Misshipment,Can't Say,True,Misshipment,False,Can't Say,True,Misshipment,False,Can't Say,True,Misshipment,False,Can't Say,True,False,Can't Say|Misshipment,2
IN26022821420031567874,cx,Misshipment,Misshipment,Misshipment,True,Misshipment,True,Misshipment,True,Misshipment,True,Misshipment,True,Misshipment,True,Misshipment,True,True,Misshipment,3
IN26022821420031567874,obd,No Issue,No Issue,No Issue,True,No Issue,True,No Issue,True,No Issue,True,No Issue,True,No Issue,True,No Issue,True,True,No Issue,2
IN26022821425466700526,cx,Misshipment,Misshipment,Misshipment,True,Misshipment,True,Misshipment,True,Misshipment,True,Misshipment,True,Misshipment,True,Misshipment,True,True,Misshipment,4
IN26022821425466700526,obd,Misshipment,Misshipment,Misshipment,True,Misshipment,True,Misshipment,True,Misshipment,True,Misshipment,True,Misshipment,True,Misshipment,True,True,Misshipment,2
IN26022821432843832648,cx,No Issue,Multiple Issue,Misshipment,False,No Issue,True,Misshipment,False,Misshipment,False,Misshipment,False,Misshipment,False,Misshipment,False,False,Misshipment|No Issue,3
IN26022821432843832648,obd,No Issue,Misshipment,No Issue,True,No Issue,True,No Issue,True,No Issue,True,No Issue,True,No Issue,True,No Issue,True,True,No Issue,2
IN26022822094685648946,cx,Misshipment,Misshipment,Misshipment,True,Misshipment,True,Misshipment,True,Misshipment,True,Misshipment,True,Misshipment,True,Misshipment,True,True,Misshipment,4
IN26022822094685648946,obd,Misshipment,Misshipment,Misshipment,True,Misshipment,True,Misshipment,True,Misshipment,True,Misshipment,True,Misshipment,True,Misshipment,True,True,Misshipment,2
IN26022822191310757699,cx,Misshipment,Misshipment,No Issue,False,No Issue,False,No Issue,False,No Issue,False,No Issue,False,No Issue,False,No Issue,False,True,No Issue,4
IN26022822191310757699,obd,Can't Say,Can't Say,No Issue,False,No Issue,False,No Issue,False,No Issue,False,No Issue,False,No Issue,False,No Issue,False,True,No Issue,2
IN26022822194533929196,cx,Misshipment,Misshipment,Misshipment,True,Misshipment,True,Misshipment,True,Misshipment,True,Misshipment,True,Misshipment,True,Misshipment,True,True,Misshipment,3
IN26022822194533929196,obd,Misshipment,Misshipment,Misshipment,True,Misshipment,True,Misshipment,True,Misshipment,True,Misshipment,True,Misshipment,True,Misshipment,True,True,Misshipment,2
IN26022822210906595505,cx,Misshipment,Misshipment,Misshipment,True,Misshipment,True,Misshipment,True,Misshipment,True,Misshipment,True,Misshipment,True,Misshipment,True,True,Misshipment,3
IN26022822210906595505,obd,Can't Say,Can't Say,Can't Say,True,Can't Say,True,Can't Say,True,Can't Say,True,Can't Say,True,Can't Say,True,Can't Say,True,True,Can't Say,1
IN26022822235877439346,cx,No Issue,Minor Damage,No Issue,True,No Issue,True,No Issue,True,No Issue,True,No Issue,True,No Issue,True,No Issue,True,True,No Issue,3
IN26022822235877439346,obd,No Issue,No Issue,No Issue,True,No Issue,True,No Issue,True,No Issue,True,No Issue,True,No Issue,True,No Issue,True,True,No Issue,2
IN26022822250957285134,cx,No Issue,Misshipment,Misshipment,False,Misshipment,False,Misshipment,False,Misshipment,False,Misshipment,False,Misshipment,False,Misshipment,False,True,Misshipment,4
IN26022822250957285134,obd,Can't Say,Can't Say,Can't Say,True,Can't Say,True,Can't Say,True,Can't Say,True,Can't Say,True,Can't Say,True,Can't Say,True,True,Can't Say,2
IN26022822315086022768,cx,Misshipment,Misshipment,Misshipment,True,Misshipment,True,Misshipment,True,Misshipment,True,Misshipment,True,Misshipment,True,Misshipment,True,True,Misshipment,3
IN26022822315086022768,obd,No Issue,No Issue,No Issue,True,No Issue,True,No Issue,True,No Issue,True,No Issue,True,No Issue,True,No Issue,True,True,No Issue,2
IN26022822365347096336,cx,Misshipment,Misshipment,Misshipment,True,Misshipment,True,Misshipment,True,Misshipment,True,Misshipment,True,Misshipment,True,Misshipment,True,True,Misshipment,3
IN26022822365347096336,obd,No Issue,No Issue,No Issue,True,No Issue,True,No Issue,True,No Issue,True,No Issue,True,No Issue,True,No Issue,True,True,No Issue,2
IN26022822415719134572,cx,Misshipment,Misshipment,Misshipment,True,Misshipment,True,Misshipment,True,Misshipment,True,Misshipment,True,Misshipment,True,Misshipment,True,True,Misshipment,3
IN26022822415719134572,obd,Misshipment,No Issue,Misshipment,True,Misshipment,True,Misshipment,True,Misshipment,True,Misshipment,True,Misshipment,True,Misshipment,True,True,Misshipment,2
IN26022822464054194167,cx,Misshipment,Misshipment,Misshipment,True,Misshipment,True,Misshipment,True,Misshipment,True,Misshipment,True,Misshipment,True,Misshipment,True,True,Misshipment,3
IN26022822464054194167,obd,Can't Say,No Issue,No Issue,False,No Issue,False,No Issue,False,No Issue,False,No Issue,False,No Issue,False,No Issue,False,True,No Issue,2
IN26022822492871495803,cx,Misshipment,Misshipment,Misshipment,True,Misshipment,True,Misshipment,True,Misshipment,True,Misshipment,True,Misshipment,True,Misshipment,True,True,Misshipment,4
IN26022822492871495803,obd,Misshipment,Misshipment,Misshipment,True,Misshipment,True,Misshipment,True,Misshipment,True,Misshipment,True,Misshipment,True,Misshipment,True,True,Misshipment,2
IN26022822522340947983,cx,Misshipment,Misshipment,Misshipment,True,Misshipment,True,Misshipment,True,Misshipment,True,Misshipment,True,Misshipment,True,Misshipment,True,True,Misshipment,3
IN26022822522340947983,obd,No Issue,No Issue,No Issue,True,No Issue,True,No Issue,True,No Issue,True,No Issue,True,No Issue,True,No Issue,True,True,No Issue,2
IN26022822544893121372,cx,No Issue,No Issue,No Issue,True,No Issue,True,No Issue,True,No Issue,True,No Issue,True,No Issue,True,No Issue,True,True,No Issue,3
IN26022822544893121372,obd,Can't Say,No Issue,,,,,,,,,,,,,,,,,1
IN26022822570573333998,cx,Can't Say,Can't Say,Can't Say,True,Can't Say,True,Can't Say,True,Can't Say,True,Can't Say,True,Can't Say,True,Can't Say,True,True,Can't Say,1
IN26022822570573333998,obd,Can't Say,Can't Say,Can't Say,True,Can't Say,True,Can't Say,True,Can't Say,True,Can't Say,True,Can't Say,True,Can't Say,True,True,Can't Say,2
IN26022822580829667739,cx,Misshipment,Misshipment,Misshipment,True,Misshipment,True,Misshipment,True,Misshipment,True,Misshipment,True,Misshipment,True,Misshipment,True,True,Misshipment,4
IN26022822580829667739,obd,Can't Say,Can't Say,Can't Say,True,Can't Say,True,Can't Say,True,Can't Say,True,Can't Say,True,Can't Say,True,Can't Say,True,True,Can't Say,2
IN26022823042480226665,cx,No Issue,Misshipment,Misshipment,False,Misshipment,False,Misshipment,False,Misshipment,False,Misshipment,False,Misshipment,False,Misshipment,False,True,Misshipment,3
IN26022823042480226665,obd,Misshipment,Misshipment,No Issue,False,No Issue,False,No Issue,False,No Issue,False,No Issue,False,No Issue,False,No Issue,False,True,No Issue,2
IN26022823160981998925,cx,Misshipment,Misshipment,Misshipment,True,Misshipment,True,Misshipment,True,Misshipment,True,Misshipment,True,Misshipment,True,Misshipment,True,True,Misshipment,3
IN26022823160981998925,obd,Misshipment,Can't Say,Can't Say,False,Can't Say,False,Can't Say,False,Can't Say,False,Can't Say,False,Can't Say,False,Can't Say,False,True,Can't Say,2
IN26022823204604651424,cx,Misshipment,Misshipment,Misshipment,True,Misshipment,True,Misshipment,True,Misshipment,True,Misshipment,True,Misshipment,True,Misshipment,True,True,Misshipment,3
IN26022823204604651424,obd,Can't Say,Can't Say,Can't Say,True,Can't Say,True,Can't Say,True,Can't Say,True,Can't Say,True,Can't Say,True,Can't Say,True,True,Can't Say,2
IN26022823225255591037,cx,Can't Say,Can't Say,Can't Say,True,Can't Say,True,Can't Say,True,Can't Say,True,Can't Say,True,Can't Say,True,Can't Say,True,True,Can't Say,3
IN26022823225255591037,obd,Can't Say,Can't Say,Can't Say,True,Can't Say,True,Can't Say,True,Can't Say,True,Can't Say,True,Can't Say,True,Can't Say,True,True,Can't Say,2
IN26022823235645674457,cx,No Issue,No Issue,No Issue,True,No Issue,True,No Issue,True,No Issue,True,No Issue,True,No Issue,True,No Issue,True,True,No Issue,4
IN26022823235645674457,obd,No Issue,No Issue,No Issue,True,No Issue,True,No Issue,True,No Issue,True,No Issue,True,No Issue,True,No Issue,True,True,No Issue,2
IN26022823342897823246,cx,Misshipment,Misshipment,Misshipment,True,Misshipment,True,Misshipment,True,Misshipment,True,Misshipment,True,Misshipment,True,Misshipment,True,True,Misshipment,4
IN26022823342897823246,obd,Misshipment,Misshipment,Misshipment,True,Misshipment,True,Misshipment,True,Misshipment,True,Misshipment,True,Misshipment,True,Misshipment,True,True,Misshipment,2
IN26022823491291158492,cx,Can't Say,Misshipment,Misshipment,False,Misshipment,False,Misshipment,False,Misshipment,False,Misshipment,False,Misshipment,False,Misshipment,False,True,Misshipment,4
IN26022823491291158492,obd,Can't Say,Can't Say,No Issue,False,No Issue,False,No Issue,False,No Issue,False,No Issue,False,No Issue,False,No Issue,False,True,No Issue,2
IN26022823564345122375,cx,No Issue,Misshipment,No Issue,True,No Issue,True,No Issue,True,No Issue,True,No Issue,True,No Issue,True,No Issue,True,True,No Issue,3
IN26022823564345122375,obd,No Issue,No Issue,No Issue,True,No Issue,True,No Issue,True,No Issue,True,No Issue,True,No Issue,True,No Issue,True,True,No Issue,2
IN26030100122520562470,cx,Can't Say,Can't Say,No Issue,False,No Issue,False,No Issue,False,No Issue,False,No Issue,False,No Issue,False,No Issue,False,True,No Issue,3
IN26030100122520562470,obd,No Issue,No Issue,No Issue,True,No Issue,True,No Issue,True,No Issue,True,No Issue,True,No Issue,True,No Issue,True,True,No Issue,2
IN26030100243994856537,cx,No Issue,No Issue,No Issue,True,No Issue,True,No Issue,True,No Issue,True,No Issue,True,No Issue,True,No Issue,True,True,No Issue,3
IN26030100243994856537,obd,Can't Say,Can't Say,Can't Say,True,Can't Say,True,Can't Say,True,Can't Say,True,Can't Say,True,Can't Say,True,Can't Say,True,True,Can't Say,2
IN26030100381510076187,cx,Misshipment,Misshipment,No Issue,False,No Issue,False,No Issue,False,No Issue,False,No Issue,False,No Issue,False,No Issue,False,True,No Issue,3
IN26030100381510076187,obd,Can't Say,Can't Say,Can't Say,True,Can't Say,True,Can't Say,True,Can't Say,True,Can't Say,True,Can't Say,True,Can't Say,True,True,Can't Say,2
IN26030100524860813771,cx,Can't Say,Can't Say,Can't Say,True,Can't Say,True,Can't Say,True,Can't Say,True,Can't Say,True,Can't Say,True,Can't Say,True,True,Can't Say,1
IN26030100524860813771,obd,Can't Say,Can't Say,Can't Say,True,Can't Say,True,Can't Say,True,Can't Say,True,Can't Say,True,Can't Say,True,Can't Say,True,True,Can't Say,2
IN26030101443017080376,cx,No Issue,No Issue,No Issue,True,No Issue,True,No Issue,True,No Issue,True,No Issue,True,No Issue,True,No Issue,True,True,No Issue,4
IN26030101443017080376,obd,Can't Say,Can't Say,No Issue,False,No Issue,False,No Issue,False,No Issue,False,No Issue,False,No Issue,False,No Issue,False,True,No Issue,2
IN26030105210396232168,cx,Can't Say,Can't Say,Can't Say,True,Can't Say,True,Can't Say,True,Can't Say,True,Can't Say,True,Can't Say,True,Can't Say,True,True,Can't Say,4
IN26030105210396232168,obd,No Issue,No Issue,No Issue,True,No Issue,True,No Issue,True,No Issue,True,No Issue,True,No Issue,True,No Issue,True,True,No Issue,2
IN26030106081171530765,cx,No Issue,No Issue,No Issue,True,No Issue,True,No Issue,True,No Issue,True,No Issue,True,No Issue,True,No Issue,True,True,No Issue,3
IN26030106081171530765,obd,No Issue,No Issue,No Issue,True,No Issue,True,No Issue,True,No Issue,True,No Issue,True,No Issue,True,No Issue,True,True,No Issue,2
IN26030106112945396386,cx,Misshipment,Misshipment,Misshipment,True,Misshipment,True,Misshipment,True,Misshipment,True,Misshipment,True,Misshipment,True,Misshipment,True,True,Misshipment,4
IN26030106112945396386,obd,Misshipment,Misshipment,Misshipment,True,Misshipment,True,Misshipment,True,Misshipment,True,Misshipment,True,Misshipment,True,Misshipment,True,True,Misshipment,2
IN26030107491065495587,cx,Misshipment,Misshipment,Misshipment,True,Misshipment,True,Misshipment,True,Misshipment,True,Misshipment,True,Misshipment,True,Misshipment,True,True,Misshipment,3
IN26030107491065495587,obd,No Issue,No Issue,No Issue,True,No Issue,True,No Issue,True,No Issue,True,No Issue,True,No Issue,True,No Issue,True,True,No Issue,2
IN26030108125876516156,cx,No Issue,No Issue,No Issue,True,No Issue,True,No Issue,True,No Issue,True,No Issue,True,No Issue,True,No Issue,True,True,No Issue,4
IN26030108125876516156,obd,No Issue,Misshipment,Can't Say,False,Can't Say,False,Can't Say,False,Can't Say,False,Can't Say,False,Can't Say,False,Can't Say,False,True,Can't Say,2
IN26030108141166213437,cx,Misshipment,Misshipment,Misshipment,True,Misshipment,True,Misshipment,True,Misshipment,True,Misshipment,True,Misshipment,True,Misshipment,True,True,Misshipment,3
IN26030108141166213437,obd,Misshipment,Misshipment,Misshipment,True,Misshipment,True,Misshipment,True,Misshipment,True,Misshipment,True,Misshipment,True,Misshipment,True,True,Misshipment,2
IN26030108183133365738,cx,No Issue,No Issue,No Issue,True,No Issue,True,No Issue,True,No Issue,True,No Issue,True,No Issue,True,No Issue,True,True,No Issue,4
IN26030108183133365738,obd,No Issue,No Issue,No Issue,True,No Issue,True,No Issue,True,No Issue,True,No Issue,True,No Issue,True,No Issue,True,True,No Issue,2
IN26030108185285916645,cx,Misshipment,Misshipment,Can't Say,False,Can't Say,False,Can't Say,False,Can't Say,False,Can't Say,False,Can't Say,False,Can't Say,False,True,Can't Say,4
IN26030108185285916645,obd,Can't Say,Misshipment,Can't Say,True,No Issue,False,Can't Say,True,Can't Say,True,No Issue,False,No Issue,False,Can't Say,True,False,Can't Say|No Issue,2
IN26030108313416124526,cx,Misshipment,Misshipment,No Issue,False,No Issue,False,No Issue,False,No Issue,False,No Issue,False,No Issue,False,No Issue,False,True,No Issue,3
IN26030108313416124526,obd,Misshipment,Misshipment,No Issue,False,No Issue,False,No Issue,False,No Issue,False,No Issue,False,No Issue,False,No Issue,False,True,No Issue,2
IN26030109103785868099,cx,Can't Say,Misshipment,Can't Say,True,Can't Say,True,Can't Say,True,Can't Say,True,Can't Say,True,Can't Say,True,Can't Say,True,True,Can't Say,3
IN26030109103785868099,obd,Can't Say,Can't Say,Can't Say,True,Can't Say,True,Can't Say,True,Can't Say,True,Can't Say,True,Can't Say,True,Can't Say,True,True,Can't Say,1
IN26030109162916362511,cx,No Issue,No Issue,No Issue,True,No Issue,True,No Issue,True,No Issue,True,No Issue,True,No Issue,True,No Issue,True,True,No Issue,3
IN26030109162916362511,obd,Can't Say,Can't Say,Can't Say,True,Can't Say,True,Can't Say,True,Can't Say,True,Can't Say,True,Can't Say,True,Can't Say,True,True,Can't Say,2
IN26030109180826731691,cx,Misshipment,Misshipment,Misshipment,True,Misshipment,True,Misshipment,True,Misshipment,True,Misshipment,True,Misshipment,True,Misshipment,True,True,Misshipment,3
IN26030109180826731691,obd,Can't Say,Can't Say,Can't Say,True,Can't Say,True,Can't Say,True,Can't Say,True,Can't Say,True,Can't Say,True,Can't Say,True,True,Can't Say,2
IN26030109240099825877,cx,Misshipment,No Issue,No Issue,False,No Issue,False,No Issue,False,No Issue,False,No Issue,False,No Issue,False,No Issue,False,True,No Issue,4
IN26030109240099825877,obd,Can't Say,No Issue,No Issue,False,No Issue,False,No Issue,False,No Issue,False,No Issue,False,No Issue,False,No Issue,False,True,No Issue,2
IN26030109243052160426,cx,No Issue,No Issue,No Issue,True,No Issue,True,No Issue,True,No Issue,True,No Issue,True,No Issue,True,No Issue,True,True,No Issue,3
IN26030109243052160426,obd,No Issue,No Issue,No Issue,True,No Issue,True,No Issue,True,No Issue,True,No Issue,True,No Issue,True,No Issue,True,True,No Issue,2
IN26030109291378902161,cx,Misshipment,No Issue,Misshipment,True,Misshipment,True,Misshipment,True,Misshipment,True,Misshipment,True,Misshipment,True,Misshipment,True,True,Misshipment,4
IN26030109291378902161,obd,Can't Say,No Issue,Can't Say,True,Can't Say,True,Can't Say,True,Can't Say,True,Can't Say,True,Can't Say,True,Can't Say,True,True,Can't Say,2
IN26030109365432002818,cx,Misshipment,Misshipment,Misshipment,True,Misshipment,True,Misshipment,True,Misshipment,True,Misshipment,True,Misshipment,True,Misshipment,True,True,Misshipment,3
IN26030109365432002818,obd,Can't Say,Misshipment,No Issue,False,No Issue,False,No Issue,False,No Issue,False,No Issue,False,No Issue,False,No Issue,False,True,No Issue,1
IN26030109431502524066,cx,Can't Say,No Issue,No Issue,False,No Issue,False,No Issue,False,No Issue,False,No Issue,False,No Issue,False,No Issue,False,True,No Issue,3
IN26030109431502524066,obd,No Issue,No Issue,No Issue,True,No Issue,True,No Issue,True,No Issue,True,No Issue,True,No Issue,True,No Issue,True,True,No Issue,2
IN26030109442606664188,cx,Can't Say,Can't Say,Can't Say,True,Can't Say,True,Can't Say,True,Can't Say,True,Can't Say,True,Can't Say,True,Can't Say,True,True,Can't Say,3
IN26030109442606664188,obd,Can't Say,Can't Say,Can't Say,True,Can't Say,True,Can't Say,True,Can't Say,True,Can't Say,True,Can't Say,True,Can't Say,True,True,Can't Say,2
IN26030110052994125127,cx,Can't Say,Can't Say,No Issue,False,No Issue,False,No Issue,False,No Issue,False,No Issue,False,No Issue,False,No Issue,False,True,No Issue,3
IN26030110052994125127,obd,Misshipment,Misshipment,Misshipment,True,Misshipment,True,Misshipment,True,Misshipment,True,Misshipment,True,Misshipment,True,Misshipment,True,True,Misshipment,2
IN26030110084373482355,cx,No Issue,No Issue,No Issue,True,No Issue,True,No Issue,True,No Issue,True,No Issue,True,No Issue,True,No Issue,True,True,No Issue,4
IN26030110084373482355,obd,No Issue,No Issue,No Issue,True,No Issue,True,No Issue,True,No Issue,True,No Issue,True,No Issue,True,No Issue,True,True,No Issue,2
IN26030110112314808616,cx,Misshipment,Misshipment,Misshipment,True,Misshipment,True,Misshipment,True,Misshipment,True,Misshipment,True,Misshipment,True,Misshipment,True,True,Misshipment,4
IN26030110112314808616,obd,Can't Say,Misshipment,Can't Say,True,Can't Say,True,Can't Say,True,Can't Say,True,Can't Say,True,Can't Say,True,Can't Say,True,True,Can't Say,1
IN26030110163125761157,cx,Misshipment,Misshipment,Misshipment,True,Misshipment,True,Misshipment,True,Misshipment,True,Misshipment,True,Misshipment,True,Misshipment,True,True,Misshipment,4
IN26030110163125761157,obd,Can't Say,Misshipment,Can't Say,True,Can't Say,True,Can't Say,True,Can't Say,True,Can't Say,True,Can't Say,True,Can't Say,True,True,Can't Say,1
IN26030110194053987226,cx,No Issue,No Issue,No Issue,True,No Issue,True,No Issue,True,No Issue,True,No Issue,True,No Issue,True,No Issue,True,True,No Issue,3
IN26030110194053987226,obd,No Issue,No Issue,No Issue,True,No Issue,True,No Issue,True,No Issue,True,No Issue,True,No Issue,True,No Issue,True,True,No Issue,2
IN26030110200723337747,cx,Minor Missing,Minor Missing,Multiple Issue,False,Multiple Issue,False,Misshipment,False,Misshipment,False,Multiple Issue,False,Multiple Issue,False,Misshipment,False,False,Misshipment|Multiple Issue,4
IN26030110200723337747,obd,No Issue,No Issue,Misshipment,False,Misshipment,False,Misshipment,False,Misshipment,False,Misshipment,False,Misshipment,False,Misshipment,False,True,Misshipment,2
IN26030110210106184628,cx,Misshipment,Misshipment,Misshipment,True,Misshipment,True,Misshipment,True,Misshipment,True,Misshipment,True,Misshipment,True,Misshipment,True,True,Misshipment,4
IN26030110210106184628,obd,Can't Say,Misshipment,Can't Say,True,Can't Say,True,Can't Say,True,Can't Say,True,Can't Say,True,Can't Say,True,Can't Say,True,True,Can't Say,1
IN26030110233544360786,cx,Misshipment,Misshipment,Misshipment,True,Misshipment,True,Misshipment,True,Misshipment,True,Misshipment,True,Misshipment,True,Misshipment,True,True,Misshipment,4
IN26030110233544360786,obd,Misshipment,Misshipment,Misshipment,True,Misshipment,True,Misshipment,True,Misshipment,True,Misshipment,True,Misshipment,True,Misshipment,True,True,Misshipment,2
IN26030110272826821909,cx,No Issue,Misshipment,No Issue,True,No Issue,True,No Issue,True,No Issue,True,No Issue,True,No Issue,True,No Issue,True,True,No Issue,4
IN26030110272826821909,obd,No Issue,Misshipment,No Issue,True,No Issue,True,No Issue,True,No Issue,True,No Issue,True,No Issue,True,No Issue,True,True,No Issue,2
IN26030110295537679654,cx,Misshipment,No Issue,No Issue,False,No Issue,False,No Issue,False,No Issue,False,No Issue,False,No Issue,False,No Issue,False,True,No Issue,3
IN26030110295537679654,obd,No Issue,No Issue,No Issue,True,No Issue,True,No Issue,True,No Issue,True,No Issue,True,No Issue,True,No Issue,True,True,No Issue,2
IN26030110342459953753,cx,No Issue,No Issue,Misshipment,False,Misshipment,False,Misshipment,False,Misshipment,False,Misshipment,False,Misshipment,False,Misshipment,False,True,Misshipment,3
IN26030110342459953753,obd,Misshipment,No Issue,Misshipment,True,Misshipment,True,Misshipment,True,Misshipment,True,Misshipment,True,Misshipment,True,Misshipment,True,True,Misshipment,2
IN26030110350487100231,cx,No Issue,Misshipment,Misshipment,False,Misshipment,False,Misshipment,False,Misshipment,False,Misshipment,False,Misshipment,False,Misshipment,False,True,Misshipment,3
IN26030110350487100231,obd,Can't Say,Can't Say,Can't Say,True,Can't Say,True,Can't Say,True,Can't Say,True,Can't Say,True,Can't Say,True,Can't Say,True,True,Can't Say,1
IN26030110423463770120,cx,No Issue,Misshipment,No Issue,True,No Issue,True,No Issue,True,No Issue,True,No Issue,True,No Issue,True,No Issue,True,True,No Issue,4
IN26030110423463770120,obd,Misshipment,Misshipment,Misshipment,True,Misshipment,True,Misshipment,True,Misshipment,True,Misshipment,True,Misshipment,True,Misshipment,True,True,Misshipment,2
IN26030110424766243680,cx,No Issue,No Issue,Misshipment,False,Misshipment,False,Misshipment,False,Misshipment,False,No Issue,True,No Issue,True,No Issue,True,False,Misshipment|No Issue,3
IN26030110424766243680,obd,Can't Say,No Issue,Can't Say,True,Can't Say,True,Can't Say,True,Can't Say,True,Can't Say,True,Can't Say,True,Can't Say,True,True,Can't Say,1
IN26030110482951552536,cx,No Issue,Misshipment,Misshipment,False,Misshipment,False,No Issue,True,Misshipment,False,Misshipment,False,Misshipment,False,Misshipment,False,False,Misshipment|No Issue,4
IN26030110482951552536,obd,Can't Say,Misshipment,Can't Say,True,Can't Say,True,Can't Say,True,Can't Say,True,Can't Say,True,Can't Say,True,Can't Say,True,True,Can't Say,1
IN26030110520801074478,cx,Misshipment,No Issue,Misshipment,True,Misshipment,True,Misshipment,True,No Issue,False,No Issue,False,No Issue,False,Misshipment,True,False,Misshipment|No Issue,3
IN26030110520801074478,obd,Can't Say,No Issue,No Issue,False,No Issue,False,No Issue,False,No Issue,False,No Issue,False,No Issue,False,No Issue,False,True,No Issue,1
IN26030110564952386131,cx,Misshipment,Misshipment,No Issue,False,No Issue,False,No Issue,False,No Issue,False,No Issue,False,No Issue,False,No Issue,False,True,No Issue,3
IN26030110564952386131,obd,Can't Say,No Issue,Can't Say,True,Can't Say,True,Can't Say,True,Can't Say,True,Can't Say,True,Can't Say,True,Can't Say,True,True,Can't Say,1
IN26030111002967164275,cx,Misshipment,Misshipment,Misshipment,True,Misshipment,True,Misshipment,True,Misshipment,True,Misshipment,True,Misshipment,True,Misshipment,True,True,Misshipment,3
IN26030111002967164275,obd,Can't Say,Misshipment,Can't Say,True,Can't Say,True,Can't Say,True,Can't Say,True,Can't Say,True,Can't Say,True,Can't Say,True,True,Can't Say,1
IN26030111053669511133,cx,Misshipment,Misshipment,Misshipment,True,Misshipment,True,Misshipment,True,Misshipment,True,Misshipment,True,Misshipment,True,Misshipment,True,True,Misshipment,4
IN26030111053669511133,obd,Can't Say,No Issue,No Issue,False,No Issue,False,No Issue,False,No Issue,False,No Issue,False,No Issue,False,No Issue,False,True,No Issue,1
IN26030111100796819238,cx,Can't Say,Misshipment,Can't Say,True,Can't Say,True,Can't Say,True,Can't Say,True,Can't Say,True,Can't Say,True,Can't Say,True,True,Can't Say,3
IN26030111100796819238,obd,Can't Say,Misshipment,Misshipment,False,,,Misshipment,False,Misshipment,False,Misshipment,False,Misshipment,False,Misshipment,False,True,Misshipment,2
IN26030111110361511077,cx,Can't Say,Can't Say,Can't Say,True,Can't Say,True,Can't Say,True,Can't Say,True,Can't Say,True,Can't Say,True,Can't Say,True,True,Can't Say,3
IN26030111110361511077,obd,Misshipment,Misshipment,Misshipment,True,Misshipment,True,Misshipment,True,Misshipment,True,Misshipment,True,Misshipment,True,Misshipment,True,True,Misshipment,2
IN26030111143441414753,cx,No Issue,No Issue,No Issue,True,No Issue,True,No Issue,True,No Issue,True,No Issue,True,No Issue,True,No Issue,True,True,No Issue,4
IN26030111143441414753,obd,No Issue,No Issue,No Issue,True,No Issue,True,No Issue,True,No Issue,True,No Issue,True,No Issue,True,No Issue,True,True,No Issue,2
IN26030111214692721124,cx,Misshipment,Misshipment,Misshipment,True,Misshipment,True,Misshipment,True,Misshipment,True,Misshipment,True,Misshipment,True,Misshipment,True,True,Misshipment,4
IN26030111214692721124,obd,Can't Say,No Issue,No Issue,False,No Issue,False,No Issue,False,No Issue,False,No Issue,False,No Issue,False,No Issue,False,True,No Issue,1
IN26030111270193868846,cx,No Issue,Misshipment,No Issue,True,No Issue,True,No Issue,True,No Issue,True,No Issue,True,No Issue,True,No Issue,True,True,No Issue,4
IN26030111270193868846,obd,Can't Say,Misshipment,No Issue,False,No Issue,False,No Issue,False,No Issue,False,No Issue,False,No Issue,False,No Issue,False,True,No Issue,1
IN26030111275948126059,cx,No Issue,No Issue,No Issue,True,No Issue,True,No Issue,True,No Issue,True,No Issue,True,No Issue,True,No Issue,True,True,No Issue,3
IN26030111275948126059,obd,No Issue,No Issue,No Issue,True,No Issue,True,No Issue,True,No Issue,True,No Issue,True,No Issue,True,No Issue,True,True,No Issue,2
IN26030111285744712901,cx,No Issue,No Issue,No Issue,True,No Issue,True,No Issue,True,No Issue,True,No Issue,True,No Issue,True,No Issue,True,True,No Issue,4
IN26030111285744712901,obd,Can't Say,No Issue,Can't Say,True,Can't Say,True,Can't Say,True,Can't Say,True,Can't Say,True,Can't Say,True,Can't Say,True,True,Can't Say,1
IN26030111285959955055,cx,Misshipment,Misshipment,Misshipment,True,Misshipment,True,Misshipment,True,Misshipment,True,Misshipment,True,Misshipment,True,Misshipment,True,True,Misshipment,3
IN26030111285959955055,obd,Can't Say,Misshipment,Can't Say,True,Can't Say,True,Can't Say,True,Can't Say,True,Can't Say,True,Can't Say,True,Can't Say,True,True,Can't Say,1
IN26030111302320590803,cx,Misshipment,Misshipment,Misshipment,True,Misshipment,True,Misshipment,True,Misshipment,True,Misshipment,True,Misshipment,True,Misshipment,True,True,Misshipment,3
IN26030111302320590803,obd,Can't Say,Misshipment,Can't Say,True,Can't Say,True,Can't Say,True,Can't Say,True,Can't Say,True,Can't Say,True,Can't Say,True,True,Can't Say,1
IN26030111303492147153,cx,Misshipment,Misshipment,Multiple Issue,False,Multiple Issue,False,Multiple Issue,False,Multiple Issue,False,Multiple Issue,False,Multiple Issue,False,Multiple Issue,False,True,Multiple Issue,4
IN26030111303492147153,obd,Can't Say,Misshipment,No Issue,False,No Issue,False,No Issue,False,No Issue,False,No Issue,False,No Issue,False,No Issue,False,True,No Issue,1
IN26030111310563407986,cx,Can't Say,Can't Say,Can't Say,True,Can't Say,True,Can't Say,True,Can't Say,True,Can't Say,True,Can't Say,True,Can't Say,True,True,Can't Say,3
IN26030111310563407986,obd,No Issue,No Issue,No Issue,True,No Issue,True,No Issue,True,No Issue,True,No Issue,True,No Issue,True,No Issue,True,True,No Issue,2
IN26030111350685196910,cx,Misshipment,Misshipment,Misshipment,True,Misshipment,True,Misshipment,True,Misshipment,True,Misshipment,True,Misshipment,True,Misshipment,True,True,Misshipment,3
IN26030111350685196910,obd,No Issue,No Issue,No Issue,True,No Issue,True,No Issue,True,No Issue,True,No Issue,True,No Issue,True,No Issue,True,True,No Issue,2
IN26030111370726422180,cx,No Issue,No Issue,Misshipment,False,Misshipment,False,Misshipment,False,Misshipment,False,Misshipment,False,Misshipment,False,Misshipment,False,True,Misshipment,3
IN26030111370726422180,obd,Can't Say,Can't Say,No Issue,False,No Issue,False,No Issue,False,No Issue,False,No Issue,False,No Issue,False,No Issue,False,True,No Issue,1
IN26030111401268129601,cx,No Issue,No Issue,No Issue,True,No Issue,True,No Issue,True,No Issue,True,No Issue,True,No Issue,True,No Issue,True,True,No Issue,3
IN26030111401268129601,obd,Can't Say,No Issue,No Issue,False,No Issue,False,No Issue,False,No Issue,False,No Issue,False,No Issue,False,No Issue,False,True,No Issue,1
IN26030111420186926873,cx,No Issue,No Issue,No Issue,True,No Issue,True,No Issue,True,No Issue,True,No Issue,True,No Issue,True,No Issue,True,True,No Issue,3
IN26030111420186926873,obd,No Issue,No Issue,No Issue,True,No Issue,True,No Issue,True,No Issue,True,No Issue,True,No Issue,True,No Issue,True,True,No Issue,2
IN26030111505499327581,cx,Misshipment,Misshipment,No Issue,False,No Issue,False,No Issue,False,No Issue,False,No Issue,False,No Issue,False,No Issue,False,True,No Issue,3
IN26030111505499327581,obd,Misshipment,Misshipment,Misshipment,True,Misshipment,True,Misshipment,True,Misshipment,True,Misshipment,True,Misshipment,True,Misshipment,True,True,Misshipment,2
IN26030111591751749807,cx,Misshipment,Misshipment,No Issue,False,No Issue,False,No Issue,False,No Issue,False,No Issue,False,No Issue,False,No Issue,False,True,No Issue,3
IN26030111591751749807,obd,No Issue,Misshipment,No Issue,True,No Issue,True,No Issue,True,No Issue,True,No Issue,True,No Issue,True,No Issue,True,True,No Issue,2
IN26030112002759624020,cx,Misshipment,Misshipment,Misshipment,True,Misshipment,True,Misshipment,True,Misshipment,True,Misshipment,True,Misshipment,True,Misshipment,True,True,Misshipment,4
IN26030112002759624020,obd,Can't Say,Misshipment,Can't Say,True,Can't Say,True,Can't Say,True,Can't Say,True,Can't Say,True,Can't Say,True,Can't Say,True,True,Can't Say,1
IN26030112045823655135,cx,Misshipment,Misshipment,Misshipment,True,Misshipment,True,Misshipment,True,Misshipment,True,Misshipment,True,Misshipment,True,Misshipment,True,True,Misshipment,4
IN26030112045823655135,obd,Can't Say,Misshipment,Can't Say,True,Can't Say,True,Can't Say,True,Can't Say,True,Can't Say,True,Can't Say,True,Can't Say,True,True,Can't Say,1
IN26030112082157093091,cx,Misshipment,Misshipment,Misshipment,True,Misshipment,True,Misshipment,True,Misshipment,True,Misshipment,True,Misshipment,True,Misshipment,True,True,Misshipment,3
IN26030112082157093091,obd,Can't Say,Can't Say,Can't Say,True,Can't Say,True,Can't Say,True,Can't Say,True,Can't Say,True,Can't Say,True,Can't Say,True,True,Can't Say,1
IN26030112093202861989,cx,Misshipment,Misshipment,Misshipment,True,Misshipment,True,Misshipment,True,Misshipment,True,Misshipment,True,Misshipment,True,Misshipment,True,True,Misshipment,4
IN26030112093202861989,obd,Can't Say,Misshipment,Can't Say,True,Can't Say,True,Can't Say,True,Can't Say,True,Can't Say,True,Can't Say,True,Can't Say,True,True,Can't Say,1
IN26030112114146750581,cx,Misshipment,Misshipment,Misshipment,True,Misshipment,True,Misshipment,True,Misshipment,True,Misshipment,True,Misshipment,True,Misshipment,True,True,Misshipment,3
IN26030112114146750581,obd,Can't Say,Misshipment,No Issue,False,No Issue,False,No Issue,False,No Issue,False,No Issue,False,No Issue,False,No Issue,False,True,No Issue,1
IN26030112170543383710,cx,Misshipment,Misshipment,Misshipment,True,Misshipment,True,Misshipment,True,Misshipment,True,Misshipment,True,Misshipment,True,Misshipment,True,True,Misshipment,4
IN26030112170543383710,obd,Can't Say,Can't Say,No Issue,False,No Issue,False,Can't Say,True,No Issue,False,Can't Say,True,Can't Say,True,Can't Say,True,False,Can't Say|No Issue,1
IN26030112172619708626,cx,No Issue,No Issue,No Issue,True,No Issue,True,No Issue,True,No Issue,True,No Issue,True,No Issue,True,No Issue,True,True,No Issue,3
IN26030112172619708626,obd,Can't Say,Misshipment,Can't Say,True,Can't Say,True,Can't Say,True,Can't Say,True,Can't Say,True,Can't Say,True,Can't Say,True,True,Can't Say,1
IN26030112180952185941,cx,No Issue,No Issue,Misshipment,False,No Issue,True,Misshipment,False,No Issue,True,No Issue,True,No Issue,True,No Issue,True,False,Misshipment|No Issue,4
IN26030112180952185941,obd,No Issue,No Issue,Misshipment,False,Misshipment,False,Misshipment,False,Misshipment,False,Misshipment,False,Misshipment,False,Misshipment,False,True,Misshipment,2
IN26030112182626467270,cx,Misshipment,Misshipment,Misshipment,True,Misshipment,True,Misshipment,True,Misshipment,True,Misshipment,True,Misshipment,True,Misshipment,True,True,Misshipment,4
IN26030112182626467270,obd,Can't Say,Can't Say,Can't Say,True,Can't Say,True,Can't Say,True,Can't Say,True,Can't Say,True,Can't Say,True,Can't Say,True,True,Can't Say,1
IN26030112243134435679,cx,Misshipment,Misshipment,Misshipment,True,Misshipment,True,Misshipment,True,Misshipment,True,Misshipment,True,Misshipment,True,Misshipment,True,True,Misshipment,4
IN26030112243134435679,obd,Misshipment,Misshipment,Misshipment,True,Misshipment,True,Misshipment,True,Misshipment,True,Misshipment,True,Misshipment,True,Misshipment,True,True,Misshipment,2
IN26030112285377993947,cx,Misshipment,Misshipment,No Issue,False,No Issue,False,No Issue,False,No Issue,False,No Issue,False,No Issue,False,No Issue,False,True,No Issue,4
IN26030112285377993947,obd,No Issue,Misshipment,No Issue,True,No Issue,True,No Issue,True,No Issue,True,No Issue,True,No Issue,True,No Issue,True,True,No Issue,2
IN26030112304143623395,cx,Misshipment,Misshipment,Misshipment,True,Misshipment,True,Misshipment,True,Misshipment,True,Misshipment,True,Misshipment,True,Misshipment,True,True,Misshipment,3
IN26030112304143623395,obd,Can't Say,Misshipment,Can't Say,True,Can't Say,True,Can't Say,True,Can't Say,True,Can't Say,True,Can't Say,True,Can't Say,True,True,Can't Say,1
IN26030112331347616036,cx,Misshipment,Misshipment,Misshipment,True,Misshipment,True,Misshipment,True,Misshipment,True,Misshipment,True,Misshipment,True,Misshipment,True,True,Misshipment,4
IN26030112331347616036,obd,Can't Say,Misshipment,Can't Say,True,Can't Say,True,Can't Say,True,Can't Say,True,Can't Say,True,Can't Say,True,Can't Say,True,True,Can't Say,1
IN26030112403915503547,cx,No Issue,Misshipment,No Issue,True,No Issue,True,No Issue,True,No Issue,True,No Issue,True,No Issue,True,No Issue,True,True,No Issue,3
IN26030112403915503547,obd,Can't Say,Misshipment,Can't Say,True,Can't Say,True,Can't Say,True,Can't Say,True,Can't Say,True,Can't Say,True,Can't Say,True,True,Can't Say,1
IN26030112422763447787,cx,No Issue,No Issue,Misshipment,False,Misshipment,False,Misshipment,False,Misshipment,False,Misshipment,False,Misshipment,False,Misshipment,False,True,Misshipment,3
IN26030112422763447787,obd,Can't Say,No Issue,,,,,,,,,,,,,,,,,1
IN26030112435004350808,cx,Misshipment,Misshipment,Misshipment,True,Misshipment,True,Misshipment,True,Misshipment,True,Misshipment,True,Misshipment,True,Misshipment,True,True,Misshipment,4
IN26030112435004350808,obd,Can't Say,Can't Say,Can't Say,True,Can't Say,True,Can't Say,True,Can't Say,True,Can't Say,True,Can't Say,True,Can't Say,True,True,Can't Say,1
IN26030112441241793946,cx,Misshipment,Misshipment,Misshipment,True,Misshipment,True,Misshipment,True,Misshipment,True,Misshipment,True,Misshipment,True,Misshipment,True,True,Misshipment,4
IN26030112441241793946,obd,Can't Say,Can't Say,Can't Say,True,Can't Say,True,Can't Say,True,Can't Say,True,Can't Say,True,Can't Say,True,Can't Say,True,True,Can't Say,2
IN26030112445455772681,cx,Misshipment,Misshipment,Misshipment,True,Misshipment,True,Misshipment,True,Misshipment,True,Misshipment,True,Misshipment,True,Misshipment,True,True,Misshipment,4
IN26030112445455772681,obd,Can't Say,Can't Say,No Issue,False,No Issue,False,No Issue,False,No Issue,False,No Issue,False,No Issue,False,No Issue,False,True,No Issue,1
IN26030112455717091263,cx,Minor Damage,Misshipment,Misshipment,False,Misshipment,False,Misshipment,False,Misshipment,False,Misshipment,False,Misshipment,False,Misshipment,False,True,Misshipment,4
IN26030112455717091263,obd,Can't Say,Misshipment,Can't Say,True,Can't Say,True,Can't Say,True,Can't Say,True,Can't Say,True,Can't Say,True,Can't Say,True,True,Can't Say,1
IN26030112471402297122,cx,Misshipment,Misshipment,Misshipment,True,Misshipment,True,Misshipment,True,Misshipment,True,Misshipment,True,Misshipment,True,Misshipment,True,True,Misshipment,3
IN26030112471402297122,obd,Can't Say,No Issue,Can't Say,True,No Issue,False,Can't Say,True,Can't Say,True,Can't Say,True,Can't Say,True,Can't Say,True,False,Can't Say|No Issue,1
IN26030112482600511506,cx,Misshipment,Misshipment,Misshipment,True,Misshipment,True,Misshipment,True,Misshipment,True,Misshipment,True,Misshipment,True,Misshipment,True,True,Misshipment,4
IN26030112482600511506,obd,Misshipment,Misshipment,Misshipment,True,Misshipment,True,Misshipment,True,Misshipment,True,Misshipment,True,Misshipment,True,Misshipment,True,True,Misshipment,2
IN26030112505106733232,cx,No Issue,No Issue,No Issue,True,No Issue,True,No Issue,True,No Issue,True,No Issue,True,No Issue,True,No Issue,True,True,No Issue,3
IN26030112505106733232,obd,No Issue,No Issue,No Issue,True,No Issue,True,No Issue,True,No Issue,True,No Issue,True,No Issue,True,No Issue,True,True,No Issue,2
IN26030112521027083470,cx,Misshipment,Misshipment,No Issue,False,No Issue,False,No Issue,False,No Issue,False,No Issue,False,No Issue,False,No Issue,False,True,No Issue,3
IN26030112521027083470,obd,Can't Say,No Issue,No Issue,False,No Issue,False,No Issue,False,Can't Say,True,No Issue,False,No Issue,False,No Issue,False,False,Can't Say|No Issue,1
IN26030112523009480030,cx,Misshipment,Misshipment,Misshipment,True,Misshipment,True,Misshipment,True,Misshipment,True,Misshipment,True,Misshipment,True,Misshipment,True,True,Misshipment,4
IN26030112523009480030,obd,Can't Say,Misshipment,Can't Say,True,Can't Say,True,Can't Say,True,Can't Say,True,Can't Say,True,Can't Say,True,Can't Say,True,True,Can't Say,1
IN26030112532500376643,cx,Misshipment,Misshipment,Misshipment,True,Misshipment,True,Misshipment,True,Misshipment,True,Misshipment,True,Misshipment,True,Misshipment,True,True,Misshipment,4
IN26030112532500376643,obd,Can't Say,Misshipment,No Issue,False,No Issue,False,No Issue,False,No Issue,False,No Issue,False,No Issue,False,No Issue,False,True,No Issue,1
IN26030112533904213386,cx,No Issue,No Issue,No Issue,True,No Issue,True,No Issue,True,No Issue,True,No Issue,True,No Issue,True,No Issue,True,True,No Issue,4
IN26030112533904213386,obd,Can't Say,Can't Say,Can't Say,True,Can't Say,True,Can't Say,True,Can't Say,True,Can't Say,True,Can't Say,True,Can't Say,True,True,Can't Say,1
IN26030112572110778578,cx,Misshipment,No Issue,Misshipment,True,Misshipment,True,Misshipment,True,Misshipment,True,Misshipment,True,Misshipment,True,Misshipment,True,True,Misshipment,3
IN26030112572110778578,obd,Can't Say,No Issue,Can't Say,True,Can't Say,True,Can't Say,True,Can't Say,True,Can't Say,True,Can't Say,True,Can't Say,True,True,Can't Say,1
IN26030112580511642368,cx,Misshipment,Misshipment,Misshipment,True,Misshipment,True,Misshipment,True,Misshipment,True,Misshipment,True,Misshipment,True,Misshipment,True,True,Misshipment,3
IN26030112580511642368,obd,Can't Say,Can't Say,Can't Say,True,Can't Say,True,Can't Say,True,Can't Say,True,Can't Say,True,Can't Say,True,Can't Say,True,True,Can't Say,1
IN26030112595719518940,cx,No Issue,No Issue,No Issue,True,No Issue,True,No Issue,True,No Issue,True,No Issue,True,No Issue,True,No Issue,True,True,No Issue,4
IN26030112595719518940,obd,Misshipment,No Issue,Misshipment,True,Misshipment,True,Misshipment,True,Misshipment,True,Misshipment,True,Misshipment,True,Misshipment,True,True,Misshipment,2
IN26030113010073657868,cx,Misshipment,Misshipment,No Issue,False,No Issue,False,No Issue,False,No Issue,False,No Issue,False,No Issue,False,No Issue,False,True,No Issue,3
IN26030113010073657868,obd,Can't Say,Can't Say,Can't Say,True,Can't Say,True,Can't Say,True,Can't Say,True,Can't Say,True,Can't Say,True,Can't Say,True,True,Can't Say,1
IN26030113024060397701,cx,No Issue,Misshipment,No Issue,True,No Issue,True,No Issue,True,No Issue,True,No Issue,True,No Issue,True,No Issue,True,True,No Issue,3
IN26030113024060397701,obd,Can't Say,Can't Say,No Issue,False,No Issue,False,No Issue,False,No Issue,False,No Issue,False,No Issue,False,No Issue,False,True,No Issue,1
IN26030113043838629293,cx,Misshipment,Misshipment,Misshipment,True,Misshipment,True,Misshipment,True,Misshipment,True,Misshipment,True,Misshipment,True,Misshipment,True,True,Misshipment,4
IN26030113043838629293,obd,Can't Say,Can't Say,Can't Say,True,Can't Say,True,Can't Say,True,Can't Say,True,Can't Say,True,Can't Say,True,Can't Say,True,True,Can't Say,1
IN26030113071801397973,cx,No Issue,No Issue,No Issue,True,No Issue,True,No Issue,True,No Issue,True,No Issue,True,No Issue,True,No Issue,True,True,No Issue,4
IN26030113071801397973,obd,Can't Say,No Issue,Can't Say,True,Can't Say,True,Can't Say,True,Can't Say,True,Can't Say,True,Can't Say,True,Can't Say,True,True,Can't Say,1
IN26030113094801186504,cx,Misshipment,Misshipment,No Issue,False,Misshipment,True,Misshipment,True,No Issue,False,Misshipment,True,Misshipment,True,No Issue,False,False,Misshipment|No Issue,4
IN26030113094801186504,obd,Can't Say,Can't Say,Can't Say,True,No Issue,False,No Issue,False,Can't Say,True,Can't Say,True,Can't Say,True,No Issue,False,False,Can't Say|No Issue,1
IN26030113101380301121,cx,Can't Say,Can't Say,No Issue,False,No Issue,False,No Issue,False,No Issue,False,No Issue,False,No Issue,False,No Issue,False,True,No Issue,3
IN26030113101380301121,obd,Can't Say,No Issue,No Issue,False,No Issue,False,No Issue,False,No Issue,False,No Issue,False,No Issue,False,No Issue,False,True,No Issue,1
IN26030113114779838495,cx,Can't Say,Can't Say,Can't Say,True,Can't Say,True,Can't Say,True,Can't Say,True,Can't Say,True,Can't Say,True,Can't Say,True,True,Can't Say,3
IN26030113114779838495,obd,Can't Say,No Issue,No Issue,False,No Issue,False,No Issue,False,No Issue,False,No Issue,False,No Issue,False,No Issue,False,True,No Issue,1
IN26030113135375478328,cx,Misshipment,No Issue,No Issue,False,No Issue,False,No Issue,False,No Issue,False,No Issue,False,No Issue,False,No Issue,False,True,No Issue,4
IN26030113135375478328,obd,No Issue,No Issue,No Issue,True,No Issue,True,No Issue,True,No Issue,True,No Issue,True,No Issue,True,No Issue,True,True,No Issue,2
IN26030113145340091003,cx,Misshipment,Misshipment,Misshipment,True,Misshipment,True,Misshipment,True,Misshipment,True,Misshipment,True,Misshipment,True,Misshipment,True,True,Misshipment,4
IN26030113145340091003,obd,Can't Say,Can't Say,Can't Say,True,Can't Say,True,Can't Say,True,Can't Say,True,Can't Say,True,Can't Say,True,Can't Say,True,True,Can't Say,1
IN26030113154082887556,cx,Misshipment,Misshipment,Misshipment,True,Misshipment,True,Misshipment,True,Misshipment,True,Misshipment,True,Misshipment,True,Misshipment,True,True,Misshipment,3
IN26030113154082887556,obd,Can't Say,Misshipment,Can't Say,True,Can't Say,True,Can't Say,True,Can't Say,True,Can't Say,True,Can't Say,True,Can't Say,True,True,Can't Say,1
IN26030113192108735236,cx,Misshipment,Misshipment,Misshipment,True,Misshipment,True,Misshipment,True,Misshipment,True,Misshipment,True,Misshipment,True,Misshipment,True,True,Misshipment,4
IN26030113192108735236,obd,Can't Say,Misshipment,No Issue,False,No Issue,False,No Issue,False,No Issue,False,No Issue,False,No Issue,False,No Issue,False,True,No Issue,1
IN26030113205062950804,cx,Can't Say,Can't Say,No Issue,False,No Issue,False,No Issue,False,No Issue,False,No Issue,False,No Issue,False,No Issue,False,True,No Issue,1
IN26030113205062950804,obd,Can't Say,Misshipment,Can't Say,True,No Issue,False,Can't Say,True,Can't Say,True,No Issue,False,Can't Say,True,Can't Say,True,False,Can't Say|No Issue,1
IN26030113221234630369,cx,Misshipment,Misshipment,Misshipment,True,Misshipment,True,Misshipment,True,Misshipment,True,Misshipment,True,Misshipment,True,Misshipment,True,True,Misshipment,3
IN26030113221234630369,obd,Can't Say,No Issue,Can't Say,True,Can't Say,True,Can't Say,True,Can't Say,True,Can't Say,True,Can't Say,True,Can't Say,True,True,Can't Say,2
IN26030113273747564990,cx,Misshipment,Misshipment,Misshipment,True,Misshipment,True,Misshipment,True,Misshipment,True,Misshipment,True,Misshipment,True,Misshipment,True,True,Misshipment,3
IN26030113273747564990,obd,Can't Say,Can't Say,No Issue,False,No Issue,False,No Issue,False,No Issue,False,No Issue,False,No Issue,False,No Issue,False,True,No Issue,1
IN26030113282784737550,cx,Multiple Issue,Misshipment,Misshipment,False,Misshipment,False,Misshipment,False,Misshipment,False,Misshipment,False,Misshipment,False,Misshipment,False,True,Misshipment,3
IN26030113282784737550,obd,Can't Say,No Issue,Can't Say,True,Can't Say,True,Can't Say,True,Can't Say,True,Can't Say,True,Can't Say,True,Can't Say,True,True,Can't Say,2
IN26030113291810463341,cx,No Issue,No Issue,No Issue,True,No Issue,True,No Issue,True,No Issue,True,No Issue,True,No Issue,True,No Issue,True,True,No Issue,4
IN26030113291810463341,obd,Can't Say,No Issue,Can't Say,True,Can't Say,True,Can't Say,True,Can't Say,True,Can't Say,True,Can't Say,True,Can't Say,True,True,Can't Say,1
IN26030113302211039833,cx,Can't Say,Can't Say,Can't Say,True,Can't Say,True,Can't Say,True,Can't Say,True,Can't Say,True,Can't Say,True,Can't Say,True,True,Can't Say,3
IN26030113302211039833,obd,No Issue,No Issue,No Issue,True,No Issue,True,No Issue,True,No Issue,True,No Issue,True,No Issue,True,No Issue,True,True,No Issue,2
IN26030113320378650544,cx,Misshipment,Misshipment,Misshipment,True,Misshipment,True,Misshipment,True,Misshipment,True,Misshipment,True,Misshipment,True,Misshipment,True,True,Misshipment,4
IN26030113320378650544,obd,Can't Say,No Issue,Can't Say,True,Can't Say,True,Can't Say,True,Can't Say,True,Can't Say,True,Can't Say,True,Can't Say,True,True,Can't Say,1
IN26030113320951509813,cx,Can't Say,Can't Say,Can't Say,True,Can't Say,True,Can't Say,True,Can't Say,True,Can't Say,True,Can't Say,True,Can't Say,True,True,Can't Say,3
IN26030113320951509813,obd,Can't Say,Can't Say,No Issue,False,No Issue,False,No Issue,False,No Issue,False,No Issue,False,No Issue,False,No Issue,False,True,No Issue,1
IN26030113372613425615,cx,Misshipment,Misshipment,Misshipment,True,Misshipment,True,Misshipment,True,Misshipment,True,Misshipment,True,Misshipment,True,Misshipment,True,True,Misshipment,4
IN26030113372613425615,obd,Can't Say,Misshipment,Can't Say,True,Can't Say,True,Can't Say,True,Can't Say,True,Can't Say,True,Can't Say,True,Can't Say,True,True,Can't Say,1
IN26030113435720303486,cx,No Issue,No Issue,No Issue,True,No Issue,True,No Issue,True,No Issue,True,No Issue,True,No Issue,True,No Issue,True,True,No Issue,3
IN26030113435720303486,obd,Can't Say,No Issue,Can't Say,True,Can't Say,True,Can't Say,True,Can't Say,True,Can't Say,True,Can't Say,True,Can't Say,True,True,Can't Say,1
IN26030113463592670809,cx,No Issue,No Issue,No Issue,True,No Issue,True,No Issue,True,No Issue,True,No Issue,True,No Issue,True,No Issue,True,True,No Issue,4
IN26030113463592670809,obd,Can't Say,No Issue,Can't Say,True,Can't Say,True,Can't Say,True,Can't Say,True,Can't Say,True,Can't Say,True,Can't Say,True,True,Can't Say,1
IN26030113501282989925,cx,Can't Say,No Issue,Can't Say,True,Can't Say,True,Can't Say,True,Can't Say,True,Can't Say,True,Can't Say,True,Can't Say,True,True,Can't Say,3
IN26030113501282989925,obd,Can't Say,No Issue,Can't Say,True,Can't Say,True,Can't Say,True,Can't Say,True,Can't Say,True,Can't Say,True,Can't Say,True,True,Can't Say,1
IN26030113515486197192,cx,Multiple Issue,No Issue,No Issue,False,No Issue,False,No Issue,False,No Issue,False,No Issue,False,No Issue,False,No Issue,False,True,No Issue,4
IN26030113515486197192,obd,Misshipment,No Issue,Misshipment,True,Misshipment,True,Misshipment,True,Misshipment,True,Misshipment,True,Misshipment,True,Misshipment,True,True,Misshipment,2
IN26030113555560237274,cx,Misshipment,Misshipment,Misshipment,True,Misshipment,True,Misshipment,True,Misshipment,True,Misshipment,True,Misshipment,True,Misshipment,True,True,Misshipment,3
IN26030113555560237274,obd,Can't Say,Misshipment,No Issue,False,No Issue,False,No Issue,False,No Issue,False,No Issue,False,No Issue,False,No Issue,False,True,No Issue,1
IN26030113584730705270,cx,No Issue,No Issue,No Issue,True,No Issue,True,No Issue,True,No Issue,True,No Issue,True,No Issue,True,No Issue,True,True,No Issue,4
IN26030113584730705270,obd,Can't Say,No Issue,Can't Say,True,Can't Say,True,Can't Say,True,Can't Say,True,Can't Say,True,Can't Say,True,Can't Say,True,True,Can't Say,1
IN26030114004563887772,cx,No Issue,No Issue,No Issue,True,No Issue,True,No Issue,True,No Issue,True,No Issue,True,No Issue,True,No Issue,True,True,No Issue,3
IN26030114004563887772,obd,No Issue,No Issue,No Issue,True,No Issue,True,No Issue,True,No Issue,True,No Issue,True,No Issue,True,No Issue,True,True,No Issue,2
IN26030114004998450392,cx,No Issue,No Issue,No Issue,True,No Issue,True,No Issue,True,No Issue,True,No Issue,True,No Issue,True,No Issue,True,True,No Issue,4
IN26030114004998450392,obd,Can't Say,No Issue,Can't Say,True,Can't Say,True,Can't Say,True,Can't Say,True,Can't Say,True,Can't Say,True,Can't Say,True,True,Can't Say,1
IN26030114045336819150,cx,Misshipment,Misshipment,Misshipment,True,Misshipment,True,Misshipment,True,Misshipment,True,Misshipment,True,Misshipment,True,Misshipment,True,True,Misshipment,4
IN26030114045336819150,obd,Can't Say,No Issue,Can't Say,True,Can't Say,True,Can't Say,True,Can't Say,True,Can't Say,True,Can't Say,True,Can't Say,True,True,Can't Say,1
IN26030114091610601911,cx,Misshipment,Misshipment,No Issue,False,No Issue,False,No Issue,False,No Issue,False,No Issue,False,No Issue,False,No Issue,False,True,No Issue,3
IN26030114091610601911,obd,Can't Say,Misshipment,Can't Say,True,Can't Say,True,Can't Say,True,Can't Say,True,Can't Say,True,Can't Say,True,Can't Say,True,True,Can't Say,1
IN26030114130947187261,cx,Misshipment,No Issue,Can't Say,False,No Issue,False,No Issue,False,No Issue,False,No Issue,False,No Issue,False,No Issue,False,False,Can't Say|No Issue,2
IN26030114130947187261,obd,Can't Say,Can't Say,,,Can't Say,True,Can't Say,True,Can't Say,True,Can't Say,True,Can't Say,True,Can't Say,True,True,Can't Say,0
IN26030114134086359378,cx,No Issue,No Issue,Can't Say,False,No Issue,True,No Issue,True,No Issue,True,No Issue,True,No Issue,True,No Issue,True,False,Can't Say|No Issue,2
IN26030114134086359378,obd,Can't Say,No Issue,,,Can't Say,True,Can't Say,True,Can't Say,True,Can't Say,True,Can't Say,True,Can't Say,True,True,Can't Say,0
IN26030114194411383817,cx,No Issue,No Issue,No Issue,True,No Issue,True,No Issue,True,No Issue,True,No Issue,True,No Issue,True,No Issue,True,True,No Issue,2
IN26030114194411383817,obd,Can't Say,No Issue,Can't Say,True,Can't Say,True,Can't Say,True,Can't Say,True,Can't Say,True,Can't Say,True,Can't Say,True,True,Can't Say,1
IN26030114203748320736,cx,Misshipment,Misshipment,Misshipment,True,Misshipment,True,Misshipment,True,Misshipment,True,Misshipment,True,Misshipment,True,Misshipment,True,True,Misshipment,4
IN26030114203748320736,obd,Can't Say,Can't Say,Can't Say,True,Can't Say,True,Can't Say,True,Can't Say,True,Can't Say,True,Can't Say,True,Can't Say,True,True,Can't Say,1
IN26030114230077521441,cx,No Issue,Misshipment,No Issue,True,No Issue,True,No Issue,True,No Issue,True,No Issue,True,No Issue,True,No Issue,True,True,No Issue,4
IN26030114230077521441,obd,Can't Say,Misshipment,No Issue,False,No Issue,False,No Issue,False,No Issue,False,No Issue,False,No Issue,False,No Issue,False,True,No Issue,1
IN26030114282353469029,cx,Misshipment,Misshipment,Misshipment,True,Misshipment,True,Misshipment,True,Misshipment,True,Misshipment,True,Misshipment,True,Misshipment,True,True,Misshipment,3
IN26030114282353469029,obd,Can't Say,Misshipment,Can't Say,True,Can't Say,True,Can't Say,True,Can't Say,True,Can't Say,True,Can't Say,True,Can't Say,True,True,Can't Say,1
IN26030114345899597164,cx,Misshipment,Misshipment,Misshipment,True,Misshipment,True,Misshipment,True,Misshipment,True,Misshipment,True,Misshipment,True,Misshipment,True,True,Misshipment,3
IN26030114345899597164,obd,Can't Say,Can't Say,No Issue,False,No Issue,False,No Issue,False,No Issue,False,No Issue,False,No Issue,False,No Issue,False,True,No Issue,1
IN26030114391547357544,cx,Misshipment,Misshipment,Misshipment,True,Misshipment,True,Misshipment,True,Misshipment,True,Misshipment,True,Misshipment,True,Misshipment,True,True,Misshipment,3
IN26030114391547357544,obd,Can't Say,Misshipment,Can't Say,True,Can't Say,True,Can't Say,True,Can't Say,True,Can't Say,True,Can't Say,True,Can't Say,True,True,Can't Say,1
IN26030114392013324374,cx,Misshipment,Misshipment,Misshipment,True,Misshipment,True,Misshipment,True,Misshipment,True,Misshipment,True,Misshipment,True,Misshipment,True,True,Misshipment,3
IN26030114392013324374,obd,Can't Say,Can't Say,Can't Say,True,Can't Say,True,Can't Say,True,Can't Say,True,Can't Say,True,Can't Say,True,Can't Say,True,True,Can't Say,1
IN26030114424733714999,cx,Misshipment,Misshipment,Misshipment,True,Misshipment,True,Misshipment,True,Misshipment,True,Misshipment,True,Misshipment,True,Misshipment,True,True,Misshipment,3
IN26030114424733714999,obd,Can't Say,Can't Say,Can't Say,True,Can't Say,True,Can't Say,True,Can't Say,True,Can't Say,True,Can't Say,True,Can't Say,True,True,Can't Say,2
IN26030114555399448401,cx,Can't Say,Can't Say,Can't Say,True,Can't Say,True,Can't Say,True,Can't Say,True,Can't Say,True,Can't Say,True,Can't Say,True,True,Can't Say,4
IN26030114555399448401,obd,Can't Say,No Issue,No Issue,False,No Issue,False,No Issue,False,No Issue,False,No Issue,False,No Issue,False,No Issue,False,True,No Issue,1
